OBJECTID,FacilityID,MeasuredLe,NominalVol,OperatingV,FeederID,INSTALLATI,OPERATINGC,OWNER,Shape_Length,Category,Department,Division,Subdivision,AssetType,Latitude,Longitude
1,BB-1,10.05285113,150,150,RMT003,1403481600000,Distribution,Utility,4.103395443333842,Electric,Electric,Field Service,Asset Mgmt.,Bus Bar,41.7860834,-88.15880267
2,BB-2,15.53235721,150,150,RMT001,1403481600000,Distribution,Utility,6.339937136940894,Electric,Electric,Field Service,Asset Mgmt.,Bus Bar,41.78600469,-88.15342661
3,BB-3,9.62791082,150,150,RMT003,1403481600000,Distribution,Utility,3.9299783388342027,Electric,Electric,Field Service,Asset Mgmt.,Bus Bar,41.78608225,-88.15876662
4,BB-4,1.75176688,380,380,RMT002,1107302400000,Distribution,Utility,0.7155426262846948,Electric,Electric,Field Service,Asset Mgmt.,Bus Bar,41.77045507,-88.181237
5,BB-5,1.54526988,380,380,RMT002,1107302400000,Distribution,Utility,0.6312302357868939,Electric,Electric,Field Service,Asset Mgmt.,Bus Bar,41.7704504,-88.18124768
6,BB-6,1.7251209,380,380,RMT002,1107302400000,Distribution,Utility,0.7046518159642229,Electric,Electric,Field Service,Asset Mgmt.,Bus Bar,41.77045266,-88.1812425
7,BB-7,8.80252928,380,380,RMT002,1107302400000,Distribution,Utility,3.5928026272690627,Electric,Electric,Field Service,Asset Mgmt.,Bus Bar,41.76949412,-88.18392769
8,BB-8,8.36692473,380,380,RMT002,1107302400000,Distribution,Utility,3.415056645535475,Electric,Electric,Field Service,Asset Mgmt.,Bus Bar,41.76948874,-88.18395833
9,BB-9,7.35983616,380,380,RMT002,1107302400000,Distribution,Utility,3.003919589766715,Electric,Electric,Field Service,Asset Mgmt.,Bus Bar,41.76949919,-88.18389885
10,BB-10,7.32373273,380,380,RMT002,1107302400000,Distribution,Utility,2.9897103096110675,Electric,Electric,Field Service,Asset Mgmt.,Bus Bar,41.77125948,-88.17895635
11,BB-11,6.68728854,380,380,RMT002,1107302400000,Distribution,Utility,2.7298609200607844,Electric,Electric,Field Service,Asset Mgmt.,Bus Bar,41.77125379,-88.17898088
12,BB-12,6.76326922,380,380,RMT002,1107302400000,Distribution,Utility,2.761016967943812,Electric,Electric,Field Service,Asset Mgmt.,Bus Bar,41.77126544,-88.17893179
13,BB-13,9.28454834,380,380,RMT002,1107302400000,Distribution,Utility,3.802060206256533,Electric,Electric,Field Service,Asset Mgmt.,Bus Bar,41.76838817,-88.18357047
14,BB-14,8.84325723,380,380,RMT002,1107302400000,Distribution,Utility,3.621528911651541,Electric,Electric,Field Service,Asset Mgmt.,Bus Bar,41.76833599,-88.18355414
15,BB-15,10.46542275,380,380,RMT002,1107302400000,Distribution,Utility,4.28581858513619,Electric,Electric,Field Service,Asset Mgmt.,Bus Bar,41.76836182,-88.18356204
16,BB-16,6.00133108,380,380,RMT002,1107302400000,Distribution,Utility,2.4493015194598726,Electric,Electric,Field Service,Asset Mgmt.,Bus Bar,41.77880107,-88.15082336
17,BB-17,6,380,380,RMT002,1107302400000,Distribution,Utility,2.448848767827371,Electric,Electric,Field Service,Asset Mgmt.,Bus Bar,41.77880089,-88.15080137
18,BB-18,6,380,380,RMT002,1107302400000,Distribution,Utility,2.4488333967914264,Electric,Electric,Field Service,Asset Mgmt.,Bus Bar,41.77880106,-88.15077939
19,BB-19,12.00000001,380,380,RMT002,1107302400000,Distribution,Utility,4.8984262755992125,Electric,Electric,Field Service,Asset Mgmt.,Bus Bar,41.77321835,-88.16495874
20,BB-20,11.99999998,380,380,RMT002,1107302400000,Distribution,Utility,4.898699262768569,Electric,Electric,Field Service,Asset Mgmt.,Bus Bar,41.77320941,-88.16500108
21,BB-21,11.8140167,380,380,RMT002,1107302400000,Distribution,Utility,4.822967965849875,Electric,Electric,Field Service,Asset Mgmt.,Bus Bar,41.77319975,-88.16504277
22,BB-22,6.07690121,150,150,RMT002,1107302400000,Distribution,Utility,2.4894687612643427,Electric,Electric,Field Service,Asset Mgmt.,Bus Bar,41.7782211,-88.12943808
23,BB-23,7.46921626,150,150,RMT002,1107302400000,Distribution,Utility,3.059823851507397,Electric,Electric,Field Service,Asset Mgmt.,Bus Bar,41.77820251,-88.1294375
24,BB-24,9.40779743,380,380,RMT003,298944000000,Distribution,Utility,3.8410230265070786,Electric,Electric,Field Service,Asset Mgmt.,Bus Bar,41.80114775,-88.1490733
25,BB-25,9.55183982,380,380,RMT003,1107302400000,Distribution,Utility,3.899831290804653,Electric,Electric,Field Service,Asset Mgmt.,Bus Bar,41.80124132,-88.15031228
26,BB-26,9.76082845,380,380,RMT003,1107302400000,Distribution,Utility,3.9851007523689987,Electric,Electric,Field Service,Asset Mgmt.,Bus Bar,41.80122127,-88.15103496
27,BB-27,9.0940242,380,380,RMT004,287452800000,Distribution,Utility,3.7154048112418883,Electric,Electric,Field Service,Asset Mgmt.,Bus Bar,41.80369693,-88.14519667
28,BB-28,11.49518096,380,380,RMT004,1107302400000,Distribution,Utility,4.693499833024538,Electric,Electric,Field Service,Asset Mgmt.,Bus Bar,41.80304902,-88.13662357
29,BB-29,14.99485536,380,380,RMT004,1107302400000,Distribution,Utility,6.122397647678533,Electric,Electric,Field Service,Asset Mgmt.,Bus Bar,41.80315162,-88.13474538
30,BB-30,14.40958375,380,380,RMT004,1107302400000,Distribution,Utility,5.882815155931718,Electric,Electric,Field Service,Asset Mgmt.,Bus Bar,41.79782328,-88.13066279
31,BB-31,22.41677397,380,380,RMT004,1107302400000,Distribution,Utility,9.16431553262639,Electric,Electric,Field Service,Asset Mgmt.,Bus Bar,41.79538232,-88.1249288
32,BB-32,13.81970386,380,380,RMT004,1107302400000,Distribution,Utility,5.6523810656124,Electric,Electric,Field Service,Asset Mgmt.,Bus Bar,41.79257591,-88.127581
33,BB-33,15.08203826,150,150,RMT004,1107302400000,Distribution,Utility,6.1803685105072805,Electric,Electric,Field Service,Asset Mgmt.,Bus Bar,41.79817874,-88.1341758
34,BB-34,13.4549838,150,150,RMT004,1107302400000,Distribution,Utility,5.512685660566877,Electric,Electric,Field Service,Asset Mgmt.,Bus Bar,41.79750142,-88.13905051
35,BB-35,15.51565968,150,150,RMT004,1107302400000,Distribution,Utility,6.334106064721287,Electric,Electric,Field Service,Asset Mgmt.,Bus Bar,41.7940516,-88.1462591
36,BB-36,16.48387434,380,380,RMT004,1107302400000,Distribution,Utility,6.739020202585635,Electric,Electric,Field Service,Asset Mgmt.,Bus Bar,41.80117268,-88.1281008
37,BB-37,13.74172785,380,380,RMT004,1107302400000,Distribution,Utility,5.608651349382362,Electric,Electric,Field Service,Asset Mgmt.,Bus Bar,41.78096414,-88.1459603
38,BB-38,12.18816379,380,380,RMT004,1107302400000,Distribution,Utility,4.99453137472012,Electric,Electric,Field Service,Asset Mgmt.,Bus Bar,41.8031899,-88.1414967
39,BB-39,31.25543743,380,380,RMT004,478828800000,Distribution,Utility,12.76172395380472,Electric,Electric,Field Service,Asset Mgmt.,Bus Bar,41.80591182,-88.14443473
40,BB-40,10.22671014,380,380,RMT004,1107302400000,Distribution,Utility,4.190920585363055,Electric,Electric,Field Service,Asset Mgmt.,Bus Bar,41.80397175,-88.14144565
41,BB-41,7.4503761,380,380,RMT004,1107302400000,Distribution,Utility,3.041985563153248,Electric,Electric,Field Service,Asset Mgmt.,Bus Bar,41.80290444,-88.13871034
42,BB-42,32.8703673,380,380,RMT004,1107302400000,Distribution,Utility,13.421280175001291,Electric,Electric,Field Service,Asset Mgmt.,Bus Bar,41.80359149,-88.1349651
43,BB-43,22.79009039,380,380,RMT004,1107302400000,Distribution,Utility,9.305337076407428,Electric,Electric,Field Service,Asset Mgmt.,Bus Bar,41.8050723,-88.13361855
44,BB-44,18.11648807,380,380,RMT004,1107302400000,Distribution,Utility,7.39684703867308,Electric,Electric,Field Service,Asset Mgmt.,Bus Bar,41.80329498,-88.13300879
45,BB-45,14.83634065,380,380,RMT004,1107302400000,Distribution,Utility,6.06584212203856,Electric,Electric,Field Service,Asset Mgmt.,Bus Bar,41.80307936,-88.13126791
46,BB-46,15.42704043,380,380,RMT004,1107302400000,Distribution,Utility,6.308100800154342,Electric,Electric,Field Service,Asset Mgmt.,Bus Bar,41.80228134,-88.12975004
47,BB-47,13.26185991,380,380,RMT004,1107302400000,Distribution,Utility,5.414408600488151,Electric,Electric,Field Service,Asset Mgmt.,Bus Bar,41.79932375,-88.12780682
48,BB-48,25.72242201,380,380,RMT004,1107302400000,Distribution,Utility,10.501639075306551,Electric,Electric,Field Service,Asset Mgmt.,Bus Bar,41.79942034,-88.12513245
49,BB-49,21.81073105,380,380,RMT004,1107302400000,Distribution,Utility,8.905422208933492,Electric,Electric,Field Service,Asset Mgmt.,Bus Bar,41.80056855,-88.12590677
50,BB-50,13.77910001,380,380,RMT004,1107302400000,Distribution,Utility,5.62550106891622,Electric,Electric,Field Service,Asset Mgmt.,Bus Bar,41.79937235,-88.12332013
51,BB-51,8.77307614,380,380,RMT004,1107302400000,Distribution,Utility,3.584709415517112,Electric,Electric,Field Service,Asset Mgmt.,Bus Bar,41.79858177,-88.12298998
52,BB-52,13.3594531,380,380,RMT004,1107302400000,Distribution,Utility,5.458239954383637,Electric,Electric,Field Service,Asset Mgmt.,Bus Bar,41.79828806,-88.12224759
53,BB-53,9.41251151,380,380,RMT004,1107302400000,Distribution,Utility,3.8461240445849554,Electric,Electric,Field Service,Asset Mgmt.,Bus Bar,41.79796493,-88.12139341
54,BB-54,17.79614167,380,380,RMT004,1107302400000,Distribution,Utility,7.283706970403206,Electric,Electric,Field Service,Asset Mgmt.,Bus Bar,41.79873734,-88.12587259
55,BB-55,30.07850603,380,380,RMT004,1107302400000,Distribution,Utility,12.309793103183205,Electric,Electric,Field Service,Asset Mgmt.,Bus Bar,41.79776623,-88.12686999
56,BB-56,8.39070438,380,380,RMT004,1107302400000,Distribution,Utility,3.438576100994334,Electric,Electric,Field Service,Asset Mgmt.,Bus Bar,41.80312827,-88.12294295
57,BB-57,23.59459387,380,380,RMT004,1107302400000,Distribution,Utility,9.645344876835635,Electric,Electric,Field Service,Asset Mgmt.,Bus Bar,41.80141039,-88.12436804
58,BB-58,14.24910992,380,380,RMT004,1107302400000,Distribution,Utility,5.823245500231245,Electric,Electric,Field Service,Asset Mgmt.,Bus Bar,41.80235544,-88.12260781
59,BB-59,7.75047512,380,380,RMT004,1107302400000,Distribution,Utility,3.164403363605598,Electric,Electric,Field Service,Asset Mgmt.,Bus Bar,41.80251211,-88.12114793
60,BB-60,16.94992398,380,380,RMT004,1107302400000,Distribution,Utility,6.9204012137724575,Electric,Electric,Field Service,Asset Mgmt.,Bus Bar,41.80249647,-88.12061943
61,BB-61,12.32617394,380,380,RMT004,1107302400000,Distribution,Utility,5.051254745542766,Electric,Electric,Field Service,Asset Mgmt.,Bus Bar,41.80059508,-88.11970425
62,BB-62,16.10770889,380,380,RMT004,1107302400000,Distribution,Utility,6.600979341474868,Electric,Electric,Field Service,Asset Mgmt.,Bus Bar,41.80039897,-88.12175348
63,BB-63,19.36967204,380,380,RMT004,1107302400000,Distribution,Utility,7.908013558540648,Electric,Electric,Field Service,Asset Mgmt.,Bus Bar,41.79970686,-88.11924116
64,BB-64,11.47415331,380,380,RMT003,1107302400000,Distribution,Utility,4.6847002083583105,Electric,Electric,Field Service,Asset Mgmt.,Bus Bar,41.80262618,-88.14289235
65,BB-65,15.17067774,150,150,RMT004,1107302400000,Distribution,Utility,6.21700883847682,Electric,Electric,Field Service,Asset Mgmt.,Bus Bar,41.80152126,-88.14180728
66,BB-66,9.32513091,150,150,RMT004,1107302400000,Distribution,Utility,3.8192190242993296,Electric,Electric,Field Service,Asset Mgmt.,Bus Bar,41.79818739,-88.14254
67,BB-67,16.82819369,150,150,RMT004,1107302400000,Distribution,Utility,6.884722656980482,Electric,Electric,Field Service,Asset Mgmt.,Bus Bar,41.79666415,-88.14365714
68,BB-68,8.07518129,380,380,RMT003,1107302400000,Distribution,Utility,3.309279924011407,Electric,Electric,Field Service,Asset Mgmt.,Bus Bar,41.80227899,-88.14868027
69,BB-69,9.37669742,150,150,RMT004,1107302400000,Distribution,Utility,3.8279692692003984,Electric,Electric,Field Service,Asset Mgmt.,Bus Bar,41.79408093,-88.14769373
70,BB-70,9.77786653,380,380,RMT003,1107302400000,Distribution,Utility,3.9921647338933997,Electric,Electric,Field Service,Asset Mgmt.,Bus Bar,41.80132192,-88.14668076
71,BB-71,11.37237746,380,380,RMT003,1107302400000,Distribution,Utility,4.643085467074703,Electric,Electric,Field Service,Asset Mgmt.,Bus Bar,41.80110094,-88.15222073
72,BB-72,12.71862905,380,380,RMT003,1107302400000,Distribution,Utility,5.2119945823362555,Electric,Electric,Field Service,Asset Mgmt.,Bus Bar,41.79985518,-88.15051643
73,BB-73,11.21196745,380,380,RMT004,1107302400000,Distribution,Utility,4.581172846671153,Electric,Electric,Field Service,Asset Mgmt.,Bus Bar,41.79701328,-88.12735997
74,BB-74,15.52896726,380,380,RMT004,1107302400000,Distribution,Utility,6.339352721513758,Electric,Electric,Field Service,Asset Mgmt.,Bus Bar,41.79402902,-88.12818163
75,BB-75,17.18286231,150,150,RMT004,1107302400000,Distribution,Utility,7.016878050554035,Electric,Electric,Field Service,Asset Mgmt.,Bus Bar,41.79733972,-88.13697645
76,BB-76,32.25273048,150,150,RMT004,1107302400000,Distribution,Utility,13.215695336219937,Electric,Electric,Field Service,Asset Mgmt.,Bus Bar,41.79364038,-88.14237887
77,BB-77,11.75311,150,150,RMT004,1107302400000,Distribution,Utility,4.810304647735212,Electric,Electric,Field Service,Asset Mgmt.,Bus Bar,41.79372001,-88.14642145
78,BB-78,14.75576703,150,150,RMT004,1107302400000,Distribution,Utility,6.0243217883710125,Electric,Electric,Field Service,Asset Mgmt.,Bus Bar,41.79339909,-88.13128649
79,BB-79,21.45324979,150,150,RMT004,1107302400000,Distribution,Utility,8.75773315985257,Electric,Electric,Field Service,Asset Mgmt.,Bus Bar,41.79313005,-88.13618488
80,BB-80,4.20669453,380,380,RMT003,1107302400000,Distribution,Utility,1.7175999991595745,Electric,Electric,Field Service,Asset Mgmt.,Bus Bar,41.80576255,-88.14896012
81,BB-81,13.42910344,380,380,RMT003,1107302400000,Distribution,Utility,5.494269281150105,Electric,Electric,Field Service,Asset Mgmt.,Bus Bar,41.80344823,-88.15570273
82,BB-82,11.87303256,380,380,RMT003,1107302400000,Distribution,Utility,4.86550001996937,Electric,Electric,Field Service,Asset Mgmt.,Bus Bar,41.79925419,-88.1572214
83,BB-83,20.0749415,150,150,RMT003,1107302400000,Distribution,Utility,8.225652415779422,Electric,Electric,Field Service,Asset Mgmt.,Bus Bar,41.80100241,-88.1621393
84,BB-84,10.50820014,380,380,RMT003,1107302400000,Distribution,Utility,4.290100000798702,Electric,Electric,Field Service,Asset Mgmt.,Bus Bar,41.79923939,-88.17091801
85,BB-85,10.32484333,380,380,RMT003,1107302400000,Distribution,Utility,4.2240317035071575,Electric,Electric,Field Service,Asset Mgmt.,Bus Bar,41.79541185,-88.17371796
86,BB-86,10.9677638,150,150,RMT003,1107302400000,Distribution,Utility,4.481349945106106,Electric,Electric,Field Service,Asset Mgmt.,Bus Bar,41.80140833,-88.17216002
87,BB-87,12.01657847,150,150,RMT003,1107302400000,Distribution,Utility,4.905501136175752,Electric,Electric,Field Service,Asset Mgmt.,Bus Bar,41.79425537,-88.17640725
88,BB-88,12.07316042,380,380,RMT003,1107302400000,Distribution,Utility,4.929000000552503,Electric,Electric,Field Service,Asset Mgmt.,Bus Bar,41.79873859,-88.16969047
89,BB-89,11.69137877,380,380,RMT003,1107302400000,Distribution,Utility,4.773138214939683,Electric,Electric,Field Service,Asset Mgmt.,Bus Bar,41.79889752,-88.17081763
90,BB-90,9.64814675,150,150,RMT003,1107302400000,Distribution,Utility,3.951391289777061,Electric,Electric,Field Service,Asset Mgmt.,Bus Bar,41.80056425,-88.17351343
91,BB-91,14.85706117,150,150,RMT003,1107302400000,Distribution,Utility,6.065128829139918,Electric,Electric,Field Service,Asset Mgmt.,Bus Bar,41.79420748,-88.16960857
92,BB-92,14.58738674,150,150,RMT003,1107302400000,Distribution,Utility,5.977692550428209,Electric,Electric,Field Service,Asset Mgmt.,Bus Bar,41.80151049,-88.16369808
93,BB-93,9.29125524,150,150,RMT003,1107302400000,Distribution,Utility,3.7935465871838794,Electric,Electric,Field Service,Asset Mgmt.,Bus Bar,41.8037358,-88.16522086
94,BB-94,4.40577331,380,380,RMT003,1107302400000,Distribution,Utility,1.8037971802826196,Electric,Electric,Field Service,Asset Mgmt.,Bus Bar,41.78461703,-88.16634064
95,BB-95,5.15091905,380,380,RMT003,1107302400000,Distribution,Utility,2.1107999980449677,Electric,Electric,Field Service,Asset Mgmt.,Bus Bar,41.79927755,-88.15722139
96,BB-96,13.13533941,150,150,RMT003,1107302400000,Distribution,Utility,5.3701604060224915,Electric,Electric,Field Service,Asset Mgmt.,Bus Bar,41.79014308,-88.16430599
97,BB-97,12.34506771,150,150,RMT003,1107302400000,Distribution,Utility,5.047084374775301,Electric,Electric,Field Service,Asset Mgmt.,Bus Bar,41.79012069,-88.16434188
98,BB-98,12.92519628,150,150,RMT003,1107302400000,Distribution,Utility,5.284260360176363,Electric,Electric,Field Service,Asset Mgmt.,Bus Bar,41.79016598,-88.1642693
99,BB-99,15.13988448,150,150,RMT003,1107302400000,Distribution,Utility,6.190059060369542,Electric,Electric,Field Service,Asset Mgmt.,Bus Bar,41.78969808,-88.16498942
100,BB-100,12.69049727,150,150,RMT003,1107302400000,Distribution,Utility,5.188706765249232,Electric,Electric,Field Service,Asset Mgmt.,Bus Bar,41.78967305,-88.16502795
101,BB-101,13.33624032,150,150,RMT003,1107302400000,Distribution,Utility,5.452654790283052,Electric,Electric,Field Service,Asset Mgmt.,Bus Bar,41.7897237,-88.16494999
102,BB-102,11.32250463,380,380,RMT003,1107302400000,Distribution,Utility,4.622600000351667,Electric,Electric,Field Service,Asset Mgmt.,Bus Bar,41.79873859,-88.16973337
103,BB-103,11.66461039,380,380,RMT003,1107302400000,Distribution,Utility,4.762238302267691,Electric,Electric,Field Service,Asset Mgmt.,Bus Bar,41.79889739,-88.1707748
104,BB-104,10.16928881,380,380,RMT003,1107302400000,Distribution,Utility,4.151800000381794,Electric,Electric,Field Service,Asset Mgmt.,Bus Bar,41.79923939,-88.17095593
105,BB-105,11.82784905,150,150,RMT003,1107302400000,Distribution,Utility,4.828505519040299,Electric,Electric,Field Service,Asset Mgmt.,Bus Bar,41.79425545,-88.17645097
106,BB-106,4.53608321,380,380,RMT003,1107302400000,Distribution,Utility,1.8572472001294387,Electric,Electric,Field Service,Asset Mgmt.,Bus Bar,41.78462819,-88.16634744
107,BB-107,4.12043484,380,380,RMT003,1107302400000,Distribution,Utility,1.6870907616589184,Electric,Electric,Field Service,Asset Mgmt.,Bus Bar,41.78460637,-88.16633418
108,BB-108,14.62821225,150,150,RMT003,1107302400000,Distribution,Utility,5.971752329567075,Electric,Electric,Field Service,Asset Mgmt.,Bus Bar,41.79420733,-88.16955451
109,BB-109,21.33199561,380,380,RMT004,478828800000,Distribution,Utility,8.710020722299795,Electric,Electric,Field Service,Asset Mgmt.,Bus Bar,41.80591077,-88.14453115
110,BB-110,17.2158739,380,380,RMT004,478828800000,Distribution,Utility,7.029413021612303,Electric,Electric,Field Service,Asset Mgmt.,Bus Bar,41.80591307,-88.14434585
111,BB-111,8.73383922,380,380,RMT004,287452800000,Distribution,Utility,3.5684071214477777,Electric,Electric,Field Service,Asset Mgmt.,Bus Bar,41.80368653,-88.14522626
112,BB-112,8.06651155,380,380,RMT003,1107302400000,Distribution,Utility,3.3057605051022896,Electric,Electric,Field Service,Asset Mgmt.,Bus Bar,41.80230114,-88.14868007
113,BB-113,9.99999996,380,380,RMT004,1107302400000,Distribution,Utility,4.098187027174526,Electric,Electric,Field Service,Asset Mgmt.,Bus Bar,41.80399941,-88.14144311
114,BB-114,10.05374078,380,380,RMT004,1107302400000,Distribution,Utility,4.120013712104418,Electric,Electric,Field Service,Asset Mgmt.,Bus Bar,41.80394411,-88.14144996
115,BB-115,9.89795393,380,380,RMT003,298944000000,Distribution,Utility,4.041123561906126,Electric,Electric,Field Service,Asset Mgmt.,Bus Bar,41.80114766,-88.1490379
116,BB-116,9.62926801,380,380,RMT003,1107302400000,Distribution,Utility,3.9314326873449326,Electric,Electric,Field Service,Asset Mgmt.,Bus Bar,41.80124153,-88.15027711
117,BB-117,12.10863044,380,380,RMT003,1107302400000,Distribution,Utility,4.9620830560993445,Electric,Electric,Field Service,Asset Mgmt.,Bus Bar,41.79988924,-88.15051633
118,BB-118,10.94059976,380,380,RMT003,1107302400000,Distribution,Utility,4.466711709296995,Electric,Electric,Field Service,Asset Mgmt.,Bus Bar,41.8011006,-88.15213729
119,BB-119,11.59706557,380,380,RMT003,1107302400000,Distribution,Utility,4.734818679486688,Electric,Electric,Field Service,Asset Mgmt.,Bus Bar,41.80110104,-88.15217861
120,BB-120,9.76082914,380,380,RMT003,1107302400000,Distribution,Utility,3.985101757379294,Electric,Electric,Field Service,Asset Mgmt.,Bus Bar,41.80122154,-88.15099916
121,BB-121,4.8516168,380,380,RMT003,1107302400000,Distribution,Utility,1.9881543288813057,Electric,Electric,Field Service,Asset Mgmt.,Bus Bar,41.80115338,-88.15449241
122,BB-122,6.55708797,380,380,RMT003,1107302400000,Distribution,Utility,2.68713928675238,Electric,Electric,Field Service,Asset Mgmt.,Bus Bar,41.80113773,-88.15449208
123,BB-123,10.31215657,380,380,RMT004,1107302400000,Distribution,Utility,4.22576550530124,Electric,Electric,Field Service,Asset Mgmt.,Bus Bar,41.80315938,-88.14150295
124,BB-124,7.08782972,150,150,RMT003,1107302400000,Distribution,Utility,2.902753575618272,Electric,Electric,Field Service,Asset Mgmt.,Bus Bar,41.80058517,-88.17350075
125,BB-125,11.98177166,150,150,RMT003,1107302400000,Distribution,Utility,4.89552087442637,Electric,Electric,Field Service,Asset Mgmt.,Bus Bar,41.80139411,-88.17212247
126,BB-126,8.406182,150,150,RMT003,1107302400000,Distribution,Utility,3.432137255171646,Electric,Electric,Field Service,Asset Mgmt.,Bus Bar,41.80373499,-88.1652533
127,BB-127,13.31786124,150,150,RMT004,1107302400000,Distribution,Utility,5.448633787448011,Electric,Electric,Field Service,Asset Mgmt.,Bus Bar,41.79663289,-88.14369334
128,BB-128,16.62981761,150,150,RMT004,1107302400000,Distribution,Utility,6.803611872204882,Electric,Electric,Field Service,Asset Mgmt.,Bus Bar,41.79669884,-88.14361696
129,BB-129,8.94834026,150,150,RMT004,1107302400000,Distribution,Utility,3.6649047853504557,Electric,Electric,Field Service,Asset Mgmt.,Bus Bar,41.79816428,-88.14255299
130,BB-130,7.81009965,150,150,RMT004,1107302400000,Distribution,Utility,3.1985830695652293,Electric,Electric,Field Service,Asset Mgmt.,Bus Bar,41.79820906,-88.14252778
131,BB-131,11.61079959,150,150,RMT004,1107302400000,Distribution,Utility,4.756942328583514,Electric,Electric,Field Service,Asset Mgmt.,Bus Bar,41.79756596,-88.13903143
132,BB-132,11.55570407,150,150,RMT004,1107302400000,Distribution,Utility,4.734508856125005,Electric,Electric,Field Service,Asset Mgmt.,Bus Bar,41.79753494,-88.13904073
133,BB-133,10.23536363,150,150,RMT004,1107302400000,Distribution,Utility,4.194512852668172,Electric,Electric,Field Service,Asset Mgmt.,Bus Bar,41.80159035,-88.1418057
134,BB-134,12.4765623,150,150,RMT004,1107302400000,Distribution,Utility,5.113045334359559,Electric,Electric,Field Service,Asset Mgmt.,Bus Bar,41.80155919,-88.14180641
135,BB-135,13.15492108,380,380,RMT004,1107302400000,Distribution,Utility,5.370538364271389,Electric,Electric,Field Service,Asset Mgmt.,Bus Bar,41.79782324,-88.13071334
136,BB-136,12.47935811,380,380,RMT004,1107302400000,Distribution,Utility,5.094700824683255,Electric,Electric,Field Service,Asset Mgmt.,Bus Bar,41.79782324,-88.13061349
137,BB-137,12.38231649,150,150,RMT004,1107302400000,Distribution,Utility,5.074096899731705,Electric,Electric,Field Service,Asset Mgmt.,Bus Bar,41.79821642,-88.13417664
138,BB-138,14.52866308,150,150,RMT004,1107302400000,Distribution,Utility,5.953643025007951,Electric,Electric,Field Service,Asset Mgmt.,Bus Bar,41.79813811,-88.134175
139,BB-139,17.41980216,380,380,RMT004,1107302400000,Distribution,Utility,7.120805236055281,Electric,Electric,Field Service,Asset Mgmt.,Bus Bar,41.8013779,-88.12442945
140,BB-140,18.51195088,380,380,RMT004,1107302400000,Distribution,Utility,7.567251374340066,Electric,Electric,Field Service,Asset Mgmt.,Bus Bar,41.8014437,-88.12430495
141,BB-141,12.18240414,380,380,RMT004,1107302400000,Distribution,Utility,4.978790035840433,Electric,Electric,Field Service,Asset Mgmt.,Bus Bar,41.80231961,-88.12268771
142,BB-142,12.18273916,380,380,RMT004,1107302400000,Distribution,Utility,4.979030413316259,Electric,Electric,Field Service,Asset Mgmt.,Bus Bar,41.80233687,-88.12264944
143,BB-143,7.87519708,380,380,RMT004,1107302400000,Distribution,Utility,3.227456669030141,Electric,Electric,Field Service,Asset Mgmt.,Bus Bar,41.80310595,-88.12294296
144,BB-144,18.19715238,380,380,RMT004,1107302400000,Distribution,Utility,7.429919190747802,Electric,Electric,Field Service,Asset Mgmt.,Bus Bar,41.80056041,-88.12597932
145,BB-145,20.68957319,380,380,RMT004,1107302400000,Distribution,Utility,8.447742459990511,Electric,Electric,Field Service,Asset Mgmt.,Bus Bar,41.8005772,-88.12582969
146,BB-146,11.52704465,380,380,RMT003,1107302400000,Distribution,Utility,4.7065910331135825,Electric,Electric,Field Service,Asset Mgmt.,Bus Bar,41.80131835,-88.14671953
147,BB-147,11.2737138,380,380,RMT004,1107302400000,Distribution,Utility,4.603065501804774,Electric,Electric,Field Service,Asset Mgmt.,Bus Bar,41.80315471,-88.13469738
148,BB-148,12.95714466,380,380,RMT004,1107302400000,Distribution,Utility,5.290419613041218,Electric,Electric,Field Service,Asset Mgmt.,Bus Bar,41.80314833,-88.13479645
149,BB-149,12.01817662,380,380,RMT004,1107302400000,Distribution,Utility,4.907005009723326,Electric,Electric,Field Service,Asset Mgmt.,Bus Bar,41.80304617,-88.13666652
150,BB-150,11.15457999,380,380,RMT004,1107302400000,Distribution,Utility,4.554371813503581,Electric,Electric,Field Service,Asset Mgmt.,Bus Bar,41.8030518,-88.1365822
151,BB-151,31.10120843,380,380,RMT004,1107302400000,Distribution,Utility,12.699003389245677,Electric,Electric,Field Service,Asset Mgmt.,Bus Bar,41.80358156,-88.13508167
152,BB-152,15.85497016,380,380,RMT004,1107302400000,Distribution,Utility,6.473498093596437,Electric,Electric,Field Service,Asset Mgmt.,Bus Bar,41.80329254,-88.13307302
153,BB-153,11.4132831,380,380,RMT004,1107302400000,Distribution,Utility,4.666459757493372,Electric,Electric,Field Service,Asset Mgmt.,Bus Bar,41.80310127,-88.13130611
154,BB-154,13.51147815,380,380,RMT004,1107302400000,Distribution,Utility,5.524280737839299,Electric,Electric,Field Service,Asset Mgmt.,Bus Bar,41.80305567,-88.13122668
155,BB-155,13.25731815,150,150,RMT004,1107302400000,Distribution,Utility,5.426025471872235,Electric,Electric,Field Service,Asset Mgmt.,Bus Bar,41.79374848,-88.14639585
156,BB-156,9.27659466,150,150,RMT004,1107302400000,Distribution,Utility,3.7871918835695193,Electric,Electric,Field Service,Asset Mgmt.,Bus Bar,41.79407851,-88.14765968
157,BB-157,18.05337613,150,150,RMT004,1107302400000,Distribution,Utility,7.397541713518636,Electric,Electric,Field Service,Asset Mgmt.,Bus Bar,41.7937094,-88.14237749
158,BB-158,22.0537624,150,150,RMT004,1107302400000,Distribution,Utility,9.002883179566918,Electric,Electric,Field Service,Asset Mgmt.,Bus Bar,41.79313026,-88.13626465
159,BB-159,16.62936578,150,150,RMT004,1107302400000,Distribution,Utility,6.790864776645748,Electric,Electric,Field Service,Asset Mgmt.,Bus Bar,41.79732708,-88.13703611
160,BB-160,11.49765175,380,380,RMT004,1107302400000,Distribution,Utility,4.694391259997286,Electric,Electric,Field Service,Asset Mgmt.,Bus Bar,41.8029006,-88.13877417
161,BB-161,7.98593499,380,380,RMT004,1107302400000,Distribution,Utility,3.260657278049356,Electric,Electric,Field Service,Asset Mgmt.,Bus Bar,41.80290265,-88.13873855
162,BB-162,20.28636646,380,380,RMT004,1107302400000,Distribution,Utility,8.283050535593109,Electric,Electric,Field Service,Asset Mgmt.,Bus Bar,41.80506864,-88.13369739
163,BB-163,16.47278469,380,380,RMT004,1107302400000,Distribution,Utility,6.734961124827383,Electric,Electric,Field Service,Asset Mgmt.,Bus Bar,41.80233556,-88.12984373
164,BB-164,16.34603132,380,380,RMT004,1107302400000,Distribution,Utility,6.6828002014934995,Electric,Electric,Field Service,Asset Mgmt.,Bus Bar,41.80230825,-88.12979587
165,BB-165,8.98359861,380,380,RMT004,1107302400000,Distribution,Utility,3.6725911744454867,Electric,Electric,Field Service,Asset Mgmt.,Bus Bar,41.80119353,-88.12813828
166,BB-166,10.07982781,380,380,RMT004,1107302400000,Distribution,Utility,4.120812377859666,Electric,Electric,Field Service,Asset Mgmt.,Bus Bar,41.80115093,-88.12806171
167,BB-167,19.72832955,380,380,RMT004,1107302400000,Distribution,Utility,8.05431114771731,Electric,Electric,Field Service,Asset Mgmt.,Bus Bar,41.79932456,-88.12786729
168,BB-168,13.33755215,380,380,RMT004,1107302400000,Distribution,Utility,5.445337147894324,Electric,Electric,Field Service,Asset Mgmt.,Bus Bar,41.79942312,-88.12506092
169,BB-169,15.83389385,380,380,RMT004,1107302400000,Distribution,Utility,6.480788470583831,Electric,Electric,Field Service,Asset Mgmt.,Bus Bar,41.79869939,-88.12590767
170,BB-170,27.42077236,380,380,RMT004,1107302400000,Distribution,Utility,11.221223768622734,Electric,Electric,Field Service,Asset Mgmt.,Bus Bar,41.79782962,-88.12680723
171,BB-171,8.010795420000001,380,380,RMT004,1107302400000,Distribution,Utility,3.2735248780456914,Electric,Electric,Field Service,Asset Mgmt.,Bus Bar,41.79857058,-88.12296309
172,BB-172,13.14739832,380,380,RMT004,1107302400000,Distribution,Utility,5.371524499590625,Electric,Electric,Field Service,Asset Mgmt.,Bus Bar,41.7983044,-88.12229102
173,BB-173,13.15545678,380,380,RMT004,1107302400000,Distribution,Utility,5.371030966175476,Electric,Electric,Field Service,Asset Mgmt.,Bus Bar,41.79937374,-88.1232708
174,BB-174,8.99085809,380,380,RMT004,1107302400000,Distribution,Utility,3.670652053669411,Electric,Electric,Field Service,Asset Mgmt.,Bus Bar,41.79937576,-88.12323028
175,BB-175,8.12771767,380,380,RMT004,1107302400000,Distribution,Utility,3.3210339960340365,Electric,Electric,Field Service,Asset Mgmt.,Bus Bar,41.79797651,-88.12142161
176,BB-176,13.7602779,380,380,RMT004,1107302400000,Distribution,Utility,5.625466647940795,Electric,Electric,Field Service,Asset Mgmt.,Bus Bar,41.79535179,-88.12498111
177,BB-177,13.21603481,150,150,RMT004,1107302400000,Distribution,Utility,5.395700171114636,Electric,Electric,Field Service,Asset Mgmt.,Bus Bar,41.79340557,-88.13123594
178,BB-178,16.50252939,380,380,RMT004,1107302400000,Distribution,Utility,6.73688130062623,Electric,Electric,Field Service,Asset Mgmt.,Bus Bar,41.79403084,-88.12807353
179,BB-179,13.41556441,380,380,RMT004,1107302400000,Distribution,Utility,5.4869779496803455,Electric,Electric,Field Service,Asset Mgmt.,Bus Bar,41.79260263,-88.12761591
180,BB-180,12.73448853,380,380,RMT004,1107302400000,Distribution,Utility,5.197547410829608,Electric,Electric,Field Service,Asset Mgmt.,Bus Bar,41.78096398,-88.14600884
181,BB-181,13.46967017,380,380,RMT004,1107302400000,Distribution,Utility,5.498746915090761,Electric,Electric,Field Service,Asset Mgmt.,Bus Bar,41.7940299,-88.12812848
182,BB-182,5.99999999,380,380,RMT002,1107302400000,Distribution,Utility,2.457614013183292,Electric,Electric,Field Service,Asset Mgmt.,Bus Bar,41.76931128,-88.18760368
183,BB-183,6.00000001,380,380,RMT002,1107302400000,Distribution,Utility,2.4576183663071234,Electric,Electric,Field Service,Asset Mgmt.,Bus Bar,41.76932774,-88.18760369
184,BB-184,6,380,380,RMT002,1107302400000,Distribution,Utility,2.457608673672444,Electric,Electric,Field Service,Asset Mgmt.,Bus Bar,41.76934421,-88.18760396
185,BB-185,7.1875,380,380,RMT002,1107302400000,Distribution,Utility,2.933003765956295,Electric,Electric,Field Service,Asset Mgmt.,Bus Bar,41.76921527,-88.19565676
186,BB-186,6.67197913,380,380,RMT002,1107302400000,Distribution,Utility,2.7227035551012824,Electric,Electric,Field Service,Asset Mgmt.,Bus Bar,41.7692153,-88.19568216
187,BB-187,6.44755526,380,380,RMT002,1107302400000,Distribution,Utility,2.6311035145479513,Electric,Electric,Field Service,Asset Mgmt.,Bus Bar,41.76921524,-88.19563176
188,BB-188,9.35206672,380,380,RMT002,1107302400000,Distribution,Utility,3.8309105248372637,Electric,Electric,Field Service,Asset Mgmt.,Bus Bar,41.77446797,-88.19577086
189,BB-189,8.64793327,380,380,RMT002,1107302400000,Distribution,Utility,3.5424501812368456,Electric,Electric,Field Service,Asset Mgmt.,Bus Bar,41.77444328,-88.19577154
190,BB-190,11.19791667,380,380,RMT002,1107302400000,Distribution,Utility,4.569506156084097,Electric,Electric,Field Service,Asset Mgmt.,Bus Bar,41.76921392,-88.19416698
191,BB-191,10.9375,380,380,RMT002,1107302400000,Distribution,Utility,4.46330580636432,Electric,Electric,Field Service,Asset Mgmt.,Bus Bar,41.76921397,-88.19420755
192,BB-192,12.17274867,380,380,RMT002,1107302400000,Distribution,Utility,4.986003259551768,Electric,Electric,Field Service,Asset Mgmt.,Bus Bar,41.76934686,-88.18980054
193,BB-193,10.34606639,380,380,RMT002,1107302400000,Distribution,Utility,4.221905158117151,Electric,Electric,Field Service,Asset Mgmt.,Bus Bar,41.76918355,-88.19266452
194,BB-194,9.9443472,380,380,RMT002,1107302400000,Distribution,Utility,4.058001686980855,Electric,Electric,Field Service,Asset Mgmt.,Bus Bar,41.76918354,-88.19270171
195,BB-195,14.32949134,380,380,RMT002,1107302400000,Distribution,Utility,5.847519581303137,Electric,Electric,Field Service,Asset Mgmt.,Bus Bar,41.76918299,-88.19274619
196,BB-196,12.00000001,380,380,RMT002,1107302400000,Distribution,Utility,4.914946969992061,Electric,Electric,Field Service,Asset Mgmt.,Bus Bar,41.7664534,-88.19590218
197,BB-197,11.99999995,380,380,RMT002,1107302400000,Distribution,Utility,4.915022461236295,Electric,Electric,Field Service,Asset Mgmt.,Bus Bar,41.76648633,-88.19590217
198,BB-198,12,380,380,RMT002,1107302400000,Distribution,Utility,4.915054753631703,Electric,Electric,Field Service,Asset Mgmt.,Bus Bar,41.7663703,-88.19476151
199,BB-199,12,380,380,RMT002,1107302400000,Distribution,Utility,4.914955999275384,Electric,Electric,Field Service,Asset Mgmt.,Bus Bar,41.76633738,-88.19476207
200,BB-200,12.15277779,380,380,RMT002,1107302400000,Distribution,Utility,4.977506428034073,Electric,Electric,Field Service,Asset Mgmt.,Bus Bar,41.76518705,-88.19594977
201,BB-201,11.84722221,380,380,RMT002,1107302400000,Distribution,Utility,4.852306112640909,Electric,Electric,Field Service,Asset Mgmt.,Bus Bar,41.76515412,-88.19594984
202,BB-202,13.01551556,380,380,RMT002,1107302400000,Distribution,Utility,5.330663397652843,Electric,Electric,Field Service,Asset Mgmt.,Bus Bar,41.76348508,-88.19595577
203,BB-203,11.99050901,380,380,RMT002,1107302400000,Distribution,Utility,4.9110078827851416,Electric,Electric,Field Service,Asset Mgmt.,Bus Bar,41.76354936,-88.19595595
204,BB-204,10.92119361,380,380,RMT002,1107302400000,Distribution,Utility,4.472947928907668,Electric,Electric,Field Service,Asset Mgmt.,Bus Bar,41.76351793,-88.19595571
205,BB-205,12.15277778,380,380,RMT002,1107302400000,Distribution,Utility,4.959214038921769,Electric,Electric,Field Service,Asset Mgmt.,Bus Bar,41.76917005,-88.19756705
206,BB-206,11.84722222,380,380,RMT002,1107302400000,Distribution,Utility,4.834513677596672,Electric,Electric,Field Service,Asset Mgmt.,Bus Bar,41.76916997,-88.19761104
207,BB-207,12.15277781,380,380,RMT002,1107302400000,Distribution,Utility,4.959238774768276,Electric,Electric,Field Service,Asset Mgmt.,Bus Bar,41.76912319,-88.20118098
208,BB-208,11.84722221,380,380,RMT002,1107302400000,Distribution,Utility,4.834534783254764,Electric,Electric,Field Service,Asset Mgmt.,Bus Bar,41.76912344,-88.20122497
209,BB-209,12.59264712,380,380,RMT002,1107302400000,Distribution,Utility,5.142360085956648,Electric,Electric,Field Service,Asset Mgmt.,Bus Bar,41.76937556,-88.20301687
210,BB-210,11.40735288,380,380,RMT002,1107302400000,Distribution,Utility,4.658456336384898,Electric,Electric,Field Service,Asset Mgmt.,Bus Bar,41.76938997,-88.20305642
211,BB-211,12,380,380,RMT002,1107302400000,Distribution,Utility,4.900394581477061,Electric,Electric,Field Service,Asset Mgmt.,Bus Bar,41.76936087,-88.20297628
212,BB-212,13.54166667,380,380,RMT002,1107302400000,Distribution,Utility,5.5259063851839425,Electric,Electric,Field Service,Asset Mgmt.,Bus Bar,41.76826675,-88.20315232
213,BB-213,10.45833334,380,380,RMT002,1107302400000,Distribution,Utility,4.267704798564712,Electric,Electric,Field Service,Asset Mgmt.,Bus Bar,41.7682667,-88.20310834
214,BB-214,12.29252088,380,380,RMT002,1107302400000,Distribution,Utility,5.025509768181984,Electric,Electric,Field Service,Asset Mgmt.,Bus Bar,41.76636366,-88.20235277
215,BB-215,11.70747913,380,380,RMT002,1107302400000,Distribution,Utility,4.786428179567388,Electric,Electric,Field Service,Asset Mgmt.,Bus Bar,41.76634022,-88.20232187
216,BB-216,12.01009296,380,380,RMT002,1107302400000,Distribution,Utility,4.9102989646492325,Electric,Electric,Field Service,Asset Mgmt.,Bus Bar,41.76557979,-88.2013115
217,BB-217,11.98990703,380,380,RMT002,1107302400000,Distribution,Utility,4.9019511005474685,Electric,Electric,Field Service,Asset Mgmt.,Bus Bar,41.76555608,-88.20128097
218,BB-218,9.34431966,380,380,RMT002,1107302400000,Distribution,Utility,3.8128742820008807,Electric,Electric,Field Service,Asset Mgmt.,Bus Bar,41.76513577,-88.19792633
219,BB-219,10.15726198,380,380,RMT002,1107302400000,Distribution,Utility,4.144596620114004,Electric,Electric,Field Service,Asset Mgmt.,Bus Bar,41.76513575,-88.19796207
220,BB-220,10.27214914,380,380,RMT002,1107302400000,Distribution,Utility,4.191615374736073,Electric,Electric,Field Service,Asset Mgmt.,Bus Bar,41.76513576,-88.19799951
221,BB-221,9.99999998,380,380,RMT002,1107302400000,Distribution,Utility,4.0955815054726035,Electric,Electric,Field Service,Asset Mgmt.,Bus Bar,41.76304301,-88.20024756
222,BB-222,10,380,380,RMT002,1107302400000,Distribution,Utility,4.095641042010707,Electric,Electric,Field Service,Asset Mgmt.,Bus Bar,41.76307045,-88.20024828
223,BB-223,10.04470912,380,380,RMT002,1107302400000,Distribution,Utility,4.114254102155236,Electric,Electric,Field Service,Asset Mgmt.,Bus Bar,41.76737874,-88.20559407
224,BB-224,9.48977872,380,380,RMT002,1107302400000,Distribution,Utility,3.8869095142676553,Electric,Electric,Field Service,Asset Mgmt.,Bus Bar,41.76735194,-88.2055942
225,BB-225,10.25180622,380,380,RMT002,1107302400000,Distribution,Utility,4.199246532687349,Electric,Electric,Field Service,Asset Mgmt.,Bus Bar,41.77003953,-88.20550505
226,BB-226,9.91802699,380,380,RMT002,1107302400000,Distribution,Utility,4.062546971852904,Electric,Electric,Field Service,Asset Mgmt.,Bus Bar,41.77001186,-88.20550592
227,BB-227,12.02083332,380,380,RMT002,1107302400000,Distribution,Utility,4.905816698407929,Electric,Electric,Field Service,Asset Mgmt.,Bus Bar,41.77463544,-88.19279266
228,BB-228,11.97916668,380,380,RMT002,1107302400000,Distribution,Utility,4.888816496609336,Electric,Electric,Field Service,Asset Mgmt.,Bus Bar,41.77463536,-88.19283665
229,BB-229,11.81815987,380,380,RMT002,1107302400000,Distribution,Utility,4.8227123190684775,Electric,Electric,Field Service,Asset Mgmt.,Bus Bar,41.76952661,-88.18575436
230,BB-230,11.76041666,380,380,RMT002,1107302400000,Distribution,Utility,4.799107177791496,Electric,Electric,Field Service,Asset Mgmt.,Bus Bar,41.76952662,-88.18571114
231,BB-231,10.18229169,380,380,RMT002,1107302400000,Distribution,Utility,4.170806043628408,Electric,Electric,Field Service,Asset Mgmt.,Bus Bar,41.77026535,-88.18664861
232,BB-232,9.81770832,380,380,RMT002,1107302400000,Distribution,Utility,4.021405753862127,Electric,Electric,Field Service,Asset Mgmt.,Bus Bar,41.77023791,-88.18664867
233,BB-233,10.10416665,380,380,RMT002,1107302400000,Distribution,Utility,4.1387049419024455,Electric,Electric,Field Service,Asset Mgmt.,Bus Bar,41.76947165,-88.19901002
234,BB-234,9.89583337,380,380,RMT002,1107302400000,Distribution,Utility,4.053404898307595,Electric,Electric,Field Service,Asset Mgmt.,Bus Bar,41.76949909,-88.19900996
235,BB-235,10,380,380,RMT002,1107302400000,Distribution,Utility,4.096006505957388,Electric,Electric,Field Service,Asset Mgmt.,Bus Bar,41.76944406,-88.19901008
236,BB-236,10.36217929,380,380,RMT002,1107302400000,Distribution,Utility,4.244480541698575,Electric,Electric,Field Service,Asset Mgmt.,Bus Bar,41.77108797,-88.19910713
237,BB-237,9.17340636,380,380,RMT002,1107302400000,Distribution,Utility,3.7576113716197765,Electric,Electric,Field Service,Asset Mgmt.,Bus Bar,41.77106117,-88.1991076
238,BB-238,9.99999998,380,380,RMT002,1107302400000,Distribution,Utility,4.096120950448877,Electric,Electric,Field Service,Asset Mgmt.,Bus Bar,41.77111591,-88.19910697
239,BB-239,9.47346551,380,380,RMT002,1107302400000,Distribution,Utility,3.879692807339335,Electric,Electric,Field Service,Asset Mgmt.,Bus Bar,41.77278547,-88.19886205
240,BB-240,10.16022703,380,380,RMT002,1107302400000,Distribution,Utility,4.160991929158652,Electric,Electric,Field Service,Asset Mgmt.,Bus Bar,41.77281159,-88.19885325
241,BB-241,10.12883411,380,380,RMT002,1107302400000,Distribution,Utility,4.1480389783040765,Electric,Electric,Field Service,Asset Mgmt.,Bus Bar,41.77283857,-88.19884407
242,BB-242,9.32607584,380,380,RMT002,1107302400000,Distribution,Utility,3.8193140487503627,Electric,Electric,Field Service,Asset Mgmt.,Bus Bar,41.77448179,-88.19846887
243,BB-243,10.84844486,380,380,RMT002,1107302400000,Distribution,Utility,4.44293750929025,Electric,Electric,Field Service,Asset Mgmt.,Bus Bar,41.77450856,-88.19845948
244,BB-244,9.88016948,380,380,RMT002,1107302400000,Distribution,Utility,4.046392118572751,Electric,Electric,Field Service,Asset Mgmt.,Bus Bar,41.77453613,-88.19845012
245,BB-245,9.17808057,380,380,RMT002,1107302400000,Distribution,Utility,3.7464679094330346,Electric,Electric,Field Service,Asset Mgmt.,Bus Bar,41.77615582,-88.19877288
246,BB-246,10.72516887,380,380,RMT002,1107302400000,Distribution,Utility,4.377832724088802,Electric,Electric,Field Service,Asset Mgmt.,Bus Bar,41.7761619,-88.19873731
247,BB-247,10.00000002,380,380,RMT002,1107302400000,Distribution,Utility,4.081862169240126,Electric,Electric,Field Service,Asset Mgmt.,Bus Bar,41.77616793,-88.19870019
248,BB-248,10.00000003,380,380,RMT002,1107302400000,Distribution,Utility,4.081228857267227,Electric,Electric,Field Service,Asset Mgmt.,Bus Bar,41.77603793,-88.20114729
249,BB-249,10.76897566,380,380,RMT002,1107302400000,Distribution,Utility,4.395005100158129,Electric,Electric,Field Service,Asset Mgmt.,Bus Bar,41.77603867,-88.20118535
250,BB-250,10.76897566,380,380,RMT002,1107302400000,Distribution,Utility,4.399658105998945,Electric,Electric,Field Service,Asset Mgmt.,Bus Bar,41.77584247,-88.20228974
251,BB-251,10.00000003,380,380,RMT002,1107302400000,Distribution,Utility,4.085768632856814,Electric,Electric,Field Service,Asset Mgmt.,Bus Bar,41.77585788,-88.20225772
252,BB-252,10.76897568,380,380,RMT002,1107302400000,Distribution,Utility,4.4114519113355275,Electric,Electric,Field Service,Asset Mgmt.,Bus Bar,41.77667106,-88.20277466
253,BB-253,10.00000003,380,380,RMT002,1107302400000,Distribution,Utility,4.096539413884121,Electric,Electric,Field Service,Asset Mgmt.,Bus Bar,41.77664256,-88.20277448
254,BB-254,10.00000001,380,380,RMT002,1107302400000,Distribution,Utility,4.081102822835113,Electric,Electric,Field Service,Asset Mgmt.,Bus Bar,41.77603918,-88.2012234
255,BB-255,10.61382248,380,380,RMT002,1107302400000,Distribution,Utility,4.3468747558888445,Electric,Electric,Field Service,Asset Mgmt.,Bus Bar,41.77466166,-88.20324135
256,BB-256,9.72177831,380,380,RMT002,1107302400000,Distribution,Utility,3.9817128826054407,Electric,Electric,Field Service,Asset Mgmt.,Bus Bar,41.7746888,-88.20323269
257,BB-257,10,380,380,RMT002,1107302400000,Distribution,Utility,4.09568503672712,Electric,Electric,Field Service,Asset Mgmt.,Bus Bar,41.77463411,-88.20324994
258,BB-258,10.61382247,380,380,RMT002,1107302400000,Distribution,Utility,4.34763186796739,Electric,Electric,Field Service,Asset Mgmt.,Bus Bar,41.77291683,-88.20313787
259,BB-259,9.72177833,380,380,RMT002,1107302400000,Distribution,Utility,3.9804500405987375,Electric,Electric,Field Service,Asset Mgmt.,Bus Bar,41.77043943,-88.20363444
260,BB-260,10.61382245,380,380,RMT002,1107302400000,Distribution,Utility,4.34547397447085,Electric,Electric,Field Service,Asset Mgmt.,Bus Bar,41.77046562,-88.20362156
261,BB-261,7.93282603,380,380,RMT002,1107302400000,Distribution,Utility,3.2404416086934935,Electric,Electric,Field Service,Asset Mgmt.,Bus Bar,41.77637069,-88.19766371
262,BB-262,8.24032648,380,380,RMT002,1107302400000,Distribution,Utility,3.3658308199848923,Electric,Electric,Field Service,Asset Mgmt.,Bus Bar,41.77638131,-88.19763768
263,BB-263,10.76897565,380,380,RMT002,1107302400000,Distribution,Utility,4.411402945814259,Electric,Electric,Field Service,Asset Mgmt.,Bus Bar,41.77598331,-88.19578971
264,BB-264,10.00000003,380,380,RMT002,1107302400000,Distribution,Utility,4.096490285502893,Electric,Electric,Field Service,Asset Mgmt.,Bus Bar,41.77595482,-88.1957894
265,BB-265,10.76897565,380,380,RMT002,1107302400000,Distribution,Utility,4.41150283296481,Electric,Electric,Field Service,Asset Mgmt.,Bus Bar,41.77601287,-88.19578967
266,BB-266,12.02083332,380,380,RMT002,1107302400000,Distribution,Utility,4.905801320719392,Electric,Electric,Field Service,Asset Mgmt.,Bus Bar,41.77472777,-88.19168811
267,BB-267,11.97916667,380,380,RMT002,1107302400000,Distribution,Utility,4.888801253635152,Electric,Electric,Field Service,Asset Mgmt.,Bus Bar,41.77472774,-88.1917321
268,BB-268,12.02083333,380,380,RMT002,1107302400000,Distribution,Utility,4.905801248354851,Electric,Electric,Field Service,Asset Mgmt.,Bus Bar,41.77472779,-88.19164404
269,BB-269,9.99999998,380,380,RMT002,1107302400000,Distribution,Utility,4.096438627435892,Electric,Electric,Field Service,Asset Mgmt.,Bus Bar,41.77474958,-88.18647441
270,BB-270,11.97916667,380,380,RMT002,1107302400000,Distribution,Utility,4.907127001794048,Electric,Electric,Field Service,Asset Mgmt.,Bus Bar,41.77477973,-88.18647447
271,BB-271,12.02083333,380,380,RMT002,1107302400000,Distribution,Utility,4.924128143880446,Electric,Electric,Field Service,Asset Mgmt.,Bus Bar,41.77481266,-88.1864749
272,BB-272,11.97916667,380,380,RMT002,1107302400000,Distribution,Utility,4.905578771667619,Electric,Electric,Field Service,Asset Mgmt.,Bus Bar,41.77715982,-88.18633756
273,BB-273,12.02083333,380,380,RMT002,1107302400000,Distribution,Utility,4.922592881088609,Electric,Electric,Field Service,Asset Mgmt.,Bus Bar,41.77719116,-88.18632406
274,BB-274,12.20171519,380,380,RMT002,1107302400000,Distribution,Utility,4.998132410468207,Electric,Electric,Field Service,Asset Mgmt.,Bus Bar,41.77263765,-88.18610607
275,BB-275,12.0045851,380,380,RMT002,1107302400000,Distribution,Utility,4.917328463472147,Electric,Electric,Field Service,Asset Mgmt.,Bus Bar,41.77260444,-88.18610564
276,BB-276,12.20171518,380,380,RMT002,1107302400000,Distribution,Utility,4.998031457498337,Electric,Electric,Field Service,Asset Mgmt.,Bus Bar,41.77143356,-88.18607593
277,BB-277,11.93244021,380,380,RMT002,1107302400000,Distribution,Utility,4.887811287525545,Electric,Electric,Field Service,Asset Mgmt.,Bus Bar,41.77140044,-88.18607537
278,BB-278,12.13725142,380,380,RMT002,1107302400000,Distribution,Utility,4.971733652196142,Electric,Electric,Field Service,Asset Mgmt.,Bus Bar,41.77179663,-88.18609599
279,BB-279,11.6176304,380,380,RMT002,1107302400000,Distribution,Utility,4.758748609235291,Electric,Electric,Field Service,Asset Mgmt.,Bus Bar,41.77176404,-88.18609603
280,BB-280,12,380,380,RMT002,1107302400000,Distribution,Utility,4.897794064052902,Electric,Electric,Field Service,Asset Mgmt.,Bus Bar,41.76390658,-88.19243678
281,BB-281,10.97153932,380,380,RMT002,1107302400000,Distribution,Utility,4.478198678915626,Electric,Electric,Field Service,Asset Mgmt.,Bus Bar,41.76391527,-88.19239632
282,BB-282,12.49452348,380,380,RMT002,1107302400000,Distribution,Utility,5.0987006128733,Electric,Electric,Field Service,Asset Mgmt.,Bus Bar,41.7691701,-88.19752187
283,BB-283,11.97916667,380,380,RMT002,1107302400000,Distribution,Utility,4.907127964677521,Electric,Electric,Field Service,Asset Mgmt.,Bus Bar,41.77561055,-88.18804816
284,BB-284,12.0208333,380,380,RMT002,1107302400000,Distribution,Utility,4.924329101581359,Electric,Electric,Field Service,Asset Mgmt.,Bus Bar,41.77564348,-88.18804859
285,BB-285,10.00000001,380,380,RMT002,1107302400000,Distribution,Utility,4.096240914441539,Electric,Electric,Field Service,Asset Mgmt.,Bus Bar,41.77366774,-88.20551278
286,BB-286,10.76897568,380,380,RMT002,1107302400000,Distribution,Utility,4.411350945139589,Electric,Electric,Field Service,Asset Mgmt.,Bus Bar,41.77369623,-88.20551295
287,BB-287,11.80001324,380,380,RMT002,1107302400000,Distribution,Utility,4.815360962154807,Electric,Electric,Field Service,Asset Mgmt.,Bus Bar,41.77071348,-88.18394138
288,BB-288,12,380,380,RMT002,1107302400000,Distribution,Utility,4.897004861014459,Electric,Electric,Field Service,Asset Mgmt.,Bus Bar,41.77071309,-88.18389776
289,BB-289,12.05248603,380,380,RMT002,1107302400000,Distribution,Utility,4.918373840346224,Electric,Electric,Field Service,Asset Mgmt.,Bus Bar,41.77067443,-88.1829491
290,BB-290,12.05706196,380,380,RMT002,1107302400000,Distribution,Utility,4.920295699001937,Electric,Electric,Field Service,Asset Mgmt.,Bus Bar,41.77067419,-88.18290491
291,BB-291,9.53429192,380,380,RMT002,1107302400000,Distribution,Utility,3.9051961410541685,Electric,Electric,Field Service,Asset Mgmt.,Bus Bar,41.76732584,-88.20559464
292,BB-292,9.73422181,380,380,RMT002,1107302400000,Distribution,Utility,3.98718007859206,Electric,Electric,Field Service,Asset Mgmt.,Bus Bar,41.77006694,-88.20550411
293,BB-293,14.32949135,380,380,RMT002,1107302400000,Distribution,Utility,5.869316268713315,Electric,Electric,Field Service,Asset Mgmt.,Bus Bar,41.76842445,-88.18662393
294,BB-294,10.78497434,380,380,RMT002,1107302400000,Distribution,Utility,4.417417126776937,Electric,Electric,Field Service,Asset Mgmt.,Bus Bar,41.76839,-88.18662306
295,BB-295,10,380,380,RMT002,1107302400000,Distribution,Utility,4.096052812994273,Electric,Electric,Field Service,Asset Mgmt.,Bus Bar,41.76845782,-88.18662484
296,BB-296,10.62791218,380,380,RMT002,1107302400000,Distribution,Utility,4.352987686758269,Electric,Electric,Field Service,Asset Mgmt.,Bus Bar,41.7661205,-88.1854991
297,BB-297,9.99999998,380,380,RMT002,1107302400000,Distribution,Utility,4.095809458475079,Electric,Electric,Field Service,Asset Mgmt.,Bus Bar,41.76606476,-88.18549865
298,BB-298,10,380,380,RMT002,1107302400000,Distribution,Utility,4.095922246936974,Electric,Electric,Field Service,Asset Mgmt.,Bus Bar,41.76609221,-88.18549855
299,BB-299,14.32185612,380,380,RMT002,1107302400000,Distribution,Utility,5.866068261694565,Electric,Electric,Field Service,Asset Mgmt.,Bus Bar,41.76752064,-88.18623986
300,BB-300,10.73305548,380,380,RMT002,1107302400000,Distribution,Utility,4.396216929462748,Electric,Electric,Field Service,Asset Mgmt.,Bus Bar,41.76748626,-88.18623993
301,BB-301,11.99999999,380,380,RMT002,1107302400000,Distribution,Utility,4.915034933531121,Electric,Electric,Field Service,Asset Mgmt.,Bus Bar,41.76642047,-88.19590279
302,BB-302,14.07034385,150,150,RMT004,1107302400000,Distribution,Utility,5.744087521436338,Electric,Electric,Field Service,Asset Mgmt.,Bus Bar,41.79405533,-88.14631311
303,BB-303,8.23944967,380,380,RMT004,1107302400000,Distribution,Utility,3.363956363796634,Electric,Electric,Field Service,Asset Mgmt.,Bus Bar,41.8025126,-88.12117725
304,BB-304,6.86849299,380,380,RMT004,1107302400000,Distribution,Utility,2.8043122511189615,Electric,Electric,Field Service,Asset Mgmt.,Bus Bar,41.80251166,-88.12112113
305,BB-305,6.63467978,380,380,RMT004,1107302400000,Distribution,Utility,2.7087993514702333,Electric,Electric,Field Service,Asset Mgmt.,Bus Bar,41.80249654,-88.12066268
306,BB-306,10.43476777,380,380,RMT004,1107302400000,Distribution,Utility,4.260318632729282,Electric,Electric,Field Service,Asset Mgmt.,Bus Bar,41.80249673,-88.12056921
307,BB-307,13.80219868,380,380,RMT004,1107302400000,Distribution,Utility,5.656105645934766,Electric,Electric,Field Service,Asset Mgmt.,Bus Bar,41.80035793,-88.12175331
308,BB-308,10.952319,380,380,RMT004,1107302400000,Distribution,Utility,4.488300448714498,Electric,Electric,Field Service,Asset Mgmt.,Bus Bar,41.80056314,-88.119705
309,BB-309,10.97275874,380,380,RMT004,1107302400000,Distribution,Utility,4.47976137385505,Electric,Electric,Field Service,Asset Mgmt.,Bus Bar,41.79970665,-88.1192968
310,BB-310,13.64400347,380,380,RMT004,1107302400000,Distribution,Utility,5.575590781854765,Electric,Electric,Field Service,Asset Mgmt.,Bus Bar,41.79699644,-88.12732034
311,BB-311,12.64209357,380,380,RMT004,1107302400000,Distribution,Utility,5.16604000939777,Electric,Electric,Field Service,Asset Mgmt.,Bus Bar,41.79697818,-88.12727877
312,BB-312,15.75752747,380,380,RMT003,1107302400000,Distribution,Utility,6.428469151110626,Electric,Electric,Field Service,Asset Mgmt.,Bus Bar,41.80314669,-88.14919993
313,BB-313,14.29386181,380,380,RMT004,287452800000,Distribution,Utility,5.840265317194523,Electric,Electric,Field Service,Asset Mgmt.,Bus Bar,41.80371072,-88.14515795
314,BB-314,9.99999997,380,380,RMT003,957398400000,Distribution,Utility,4.082719135459519,Electric,Electric,Field Service,Asset Mgmt.,Bus Bar,41.80114799,-88.14910889
315,BB-315,10,380,380,RMT003,957398400000,Distribution,Utility,4.08270634981544,Electric,Electric,Field Service,Asset Mgmt.,Bus Bar,41.80122111,-88.1510712
316,BB-316,10,380,380,RMT002,957398400000,Distribution,Utility,4.091856069738955,Electric,Electric,Field Service,Asset Mgmt.,Bus Bar,41.78105609,-88.17561074
317,BB-317,10,380,380,RMT002,957398400000,Distribution,Utility,4.091395579466237,Electric,Electric,Field Service,Asset Mgmt.,Bus Bar,41.78103374,-88.17558946
318,BB-318,9.99999999,380,380,RMT002,957398400000,Distribution,Utility,4.091073488159513,Electric,Electric,Field Service,Asset Mgmt.,Bus Bar,41.78101186,-88.17556734
319,BB-319,14.18349905,150,150,RMT003,1107302400000,Distribution,Utility,5.812129645444475,Electric,Electric,Field Service,Asset Mgmt.,Bus Bar,41.80147134,-88.16370488
