OBJECTID,FacilityID,FeederID,OperatingV,Installati,NominalVol,MaxContinu,MaxInterru,MaxOperati,OWNER,OPERATINGC,CONSTRUC_1,Category,Department,Division,Subdivision,AssetType,Latitude,Longitude
1,FS-1,RMT001,380,76550400000,480,200,8000,380,Utility,Distribution,Overhead,Electric,Electric,Field Service,Asset Mgmt.,Fuses,41.79494265,-88.15681346
2,FS-2,RMT001,150,142300800000,480,200,8000,380,Utility,Distribution,Underground,Electric,Electric,Field Service,Asset Mgmt.,Fuses,41.78564926,-88.16082514
3,FS-3,RMT001,150,1388966400000,480,200,8000,380,Utility,Distribution,Underground,Electric,Electric,Field Service,Asset Mgmt.,Fuses,41.78574854,-88.15947224
4,FS-4,RMT001,150,968371200000,480,200,8000,380,Utility,Distribution,Underground,Electric,Electric,Field Service,Asset Mgmt.,Fuses,41.78580675,-88.15829134
5,FS-5,RMT001,150,968371200000,480,200,8000,380,Utility,Distribution,Underground,Electric,Electric,Field Service,Asset Mgmt.,Fuses,41.78573438,-88.15809603
6,FS-6,RMT001,150,928540800000,480,200,8000,380,Utility,Distribution,Underground,Electric,Electric,Field Service,Asset Mgmt.,Fuses,41.78599727,-88.15163155
7,FS-7,RMT001,150,176342400000,480,560,8000,380,Utility,Distribution,Underground,Electric,Electric,Field Service,Asset Mgmt.,Fuses,41.78712469,-88.15469183
8,FS-8,RMT001,150,176342400000,480,200,8000,380,Utility,Distribution,Underground,Electric,Electric,Field Service,Asset Mgmt.,Fuses,41.7877719,-88.15466434
9,FS-9,RMT001,150,176342400000,480,200,8000,380,Utility,Distribution,Underground,Electric,Electric,Field Service,Asset Mgmt.,Fuses,41.78834646,-88.15463735
10,FS-10,RMT001,150,340070400000,480,200,8000,380,Utility,Distribution,Underground,Electric,Electric,Field Service,Asset Mgmt.,Fuses,41.78941171,-88.15464505
11,FS-11,RMT001,150,340070400000,480,200,8000,380,Utility,Distribution,Underground,Electric,Electric,Field Service,Asset Mgmt.,Fuses,41.78995472,-88.15455594
12,FS-12,RMT001,150,490406400000,480,200,8000,380,Utility,Distribution,Underground,Electric,Electric,Field Service,Asset Mgmt.,Fuses,41.79053227,-88.15462148
13,FS-13,RMT001,150,490406400000,480,200,8000,380,Utility,Distribution,Underground,Electric,Electric,Field Service,Asset Mgmt.,Fuses,41.79104135,-88.15461403
14,FS-14,RMT001,150,136857600000,480,200,8000,380,Behrouz,Distribution,Underground,Electric,Electric,Field Service,Asset Mgmt.,Fuses,41.79492335,-88.15681286
15,FS-15,RMT001,150,76550400000,480,200,8000,380,Utility,Distribution,Overhead,Electric,Electric,Field Service,Asset Mgmt.,Fuses,41.79161753,-88.1542707
16,FS-16,RMT001,150,928540800000,480,200,8000,380,Utility,Distribution,Underground,Electric,Electric,Field Service,Asset Mgmt.,Fuses,41.78565642,-88.15167303
17,FS-17,RMT001,150,79228800000,480,200,8000,380,Utility,Distribution,Overhead,Electric,Electric,Field Service,Asset Mgmt.,Fuses,41.78713191,-88.14787209
18,FS-18,RMT001,150,84758400000,480,200,8000,380,Utility,Distribution,Overhead,Electric,Electric,Field Service,Asset Mgmt.,Fuses,41.78936754,-88.15011834
19,FS-19,RMT001,150,118972800000,480,200,8000,380,Utility,Distribution,Overhead,Electric,Electric,Field Service,Asset Mgmt.,Fuses,41.78167979,-88.1517698
20,FS-20,RMT001,150,118972800000,480,200,8000,380,Utility,Distribution,Overhead,Electric,Electric,Field Service,Asset Mgmt.,Fuses,41.78163926,-88.15084048
21,FS-21,RMT001,150,118972800000,480,200,8000,380,Utility,Distribution,Overhead,Electric,Electric,Field Service,Asset Mgmt.,Fuses,41.78170845,-88.15082179
22,FS-22,RMT001,150,124416000000,480,200,8000,380,Utility,Distribution,Overhead,Electric,Electric,Field Service,Asset Mgmt.,Fuses,41.78182917,-88.14943688
23,FS-23,RMT001,150,131414400000,480,200,8000,380,Utility,Distribution,Overhead,Electric,Electric,Field Service,Asset Mgmt.,Fuses,41.78212998,-88.14843248
24,FS-24,RMT001,150,136857600000,480,200,8000,380,Utility,Distribution,Underground,Electric,Electric,Field Service,Asset Mgmt.,Fuses,41.78804411,-88.145272
25,FS-25,RMT001,150,76550400000,480,200,8000,380,Utility,Distribution,Overhead,Electric,Electric,Field Service,Asset Mgmt.,Fuses,41.78693774,-88.14718126
26,FS-26,RMT001,150,79228800000,480,200,8000,380,Utility,Distribution,Overhead,Electric,Electric,Field Service,Asset Mgmt.,Fuses,41.78845466,-88.14782184
27,FS-27,RMT001,150,81993600000,480,200,8000,380,Utility,Distribution,Overhead,Electric,Electric,Field Service,Asset Mgmt.,Fuses,41.78817002,-88.14902979
28,FS-28,RMT001,150,337219200000,480,200,8000,380,Utility,Distribution,Overhead,Electric,Electric,Field Service,Asset Mgmt.,Fuses,41.79109807,-88.1455554
29,FS-29,RMT001,150,76550400000,480,200,8000,380,Utility,Distribution,Overhead,Electric,Electric,Field Service,Asset Mgmt.,Fuses,41.79151544,-88.14687334
30,FS-30,RMT001,150,76550400000,480,200,8000,380,Utility,Distribution,Overhead,Electric,Electric,Field Service,Asset Mgmt.,Fuses,41.79070485,-88.14698082
31,FS-31,RMT001,150,142300800000,480,200,8000,380,Utility,Distribution,Underground,Electric,Electric,Field Service,Asset Mgmt.,Fuses,41.78237154,-88.1653363
32,FS-32,RMT001,150,142300800000,480,200,8000,380,Utility,Distribution,Underground,Electric,Electric,Field Service,Asset Mgmt.,Fuses,41.78239877,-88.1628668
33,FS-33,RMT003,150,968371200000,480,200,8000,380,Utility,Distribution,Underground,Electric,Electric,Field Service,Asset Mgmt.,Fuses,41.78609983,-88.15878337
34,FS-34,RMT001,150,928540800000,480,200,8000,380,Utility,Distribution,Underground,Electric,Electric,Field Service,Asset Mgmt.,Fuses,41.7860247,-88.15339803
35,FS-35,RMT001,150,928540800000,480,200,8000,380,Utility,Distribution,Underground,Electric,Electric,Field Service,Asset Mgmt.,Fuses,41.78602402,-88.15345566
36,FS-36,RMT003,150,968371200000,480,200,8000,380,Utility,Distribution,Underground,Electric,Electric,Field Service,Asset Mgmt.,Fuses,41.78606958,-88.15882071
37,FS-37,RMT002,380,739238400000,480,200,8000,380,Utility,Distribution,Overhead,Electric,Electric,Field Service,Asset Mgmt.,Fuses,41.771991,-88.17526404
38,FS-38,RMT002,380,739238400000,480,200,8000,380,Utility,Distribution,Overhead,Electric,Electric,Field Service,Asset Mgmt.,Fuses,41.77722777,-88.1770683
39,FS-39,RMT002,380,913334400000,480,200,8000,380,Utility,Distribution,Underground,Electric,Electric,Field Service,Asset Mgmt.,Fuses,41.77758597,-88.17736286
40,FS-40,RMT002,380,739238400000,480,200,8000,380,Utility,Distribution,Overhead,Electric,Electric,Field Service,Asset Mgmt.,Fuses,41.77772217,-88.17717529
41,FS-41,RMT002,380,739238400000,480,200,8000,380,Utility,Distribution,Overhead,Electric,Electric,Field Service,Asset Mgmt.,Fuses,41.77521481,-88.17555337
42,FS-42,RMT002,380,913334400000,480,200,8000,380,Utility,Distribution,Underground,Electric,Electric,Field Service,Asset Mgmt.,Fuses,41.77582182,-88.17582894
43,FS-43,RMT002,380,739238400000,480,200,8000,380,Utility,Distribution,Overhead,Electric,Electric,Field Service,Asset Mgmt.,Fuses,41.77296825,-88.17529315
44,FS-44,RMT002,380,739238400000,480,200,8000,380,Utility,Distribution,Overhead,Electric,Electric,Field Service,Asset Mgmt.,Fuses,41.76964699,-88.17505451
45,FS-45,RMT002,380,971308800000,480,200,8000,380,Utility,Distribution,Overhead,Electric,Electric,Field Service,Asset Mgmt.,Fuses,41.7741748,-88.1586241
46,FS-46,RMT002,380,971308800000,480,200,8000,380,Utility,Distribution,Overhead,Electric,Electric,Field Service,Asset Mgmt.,Fuses,41.77268591,-88.15807937
47,FS-47,RMT002,380,971308800000,480,200,8000,380,Utility,Distribution,Underground,Electric,Electric,Field Service,Asset Mgmt.,Fuses,41.77314435,-88.16445553
48,FS-48,RMT002,380,971308800000,480,200,8000,380,Utility,Distribution,Overhead,Electric,Electric,Field Service,Asset Mgmt.,Fuses,41.77861017,-88.15494112
49,FS-49,RMT002,380,971308800000,480,200,8000,380,Utility,Distribution,Overhead,Electric,Electric,Field Service,Asset Mgmt.,Fuses,41.77566101,-88.15969217
50,FS-50,RMT002,380,971308800000,480,100,8000,380,Utility,Distribution,Overhead,Electric,Electric,Field Service,Asset Mgmt.,Fuses,41.77326018,-88.16124108
51,FS-51,RMT002,380,971308800000,480,100,8000,380,Utility,Distribution,Overhead,Electric,Electric,Field Service,Asset Mgmt.,Fuses,41.7734756,-88.16401381
52,FS-52,RMT002,380,971308800000,480,100,8000,380,Utility,Distribution,Underground,Electric,Electric,Field Service,Asset Mgmt.,Fuses,41.77737735,-88.15945811
53,FS-53,RMT002,380,971308800000,480,100,8000,380,Utility,Distribution,Overhead,Electric,Electric,Field Service,Asset Mgmt.,Fuses,41.77474905,-88.16537627
54,FS-54,RMT002,380,971308800000,480,100,8000,380,Utility,Distribution,Overhead,Electric,Electric,Field Service,Asset Mgmt.,Fuses,41.77559475,-88.15970503
55,FS-55,RMT002,380,971308800000,480,100,8000,380,Utility,Distribution,Overhead,Electric,Electric,Field Service,Asset Mgmt.,Fuses,41.77665829,-88.15089836
56,FS-56,RMT002,380,971308800000,480,100,8000,380,Utility,Distribution,Overhead,Electric,Electric,Field Service,Asset Mgmt.,Fuses,41.77916958,-88.15878024
57,FS-57,RMT002,150,971308800000,480,200,8000,380,Utility,Distribution,Overhead,Electric,Electric,Field Service,Asset Mgmt.,Fuses,41.77798185,-88.13198614
58,FS-58,RMT002,150,971308800000,480,200,8000,380,Utility,Distribution,Overhead,Electric,Electric,Field Service,Asset Mgmt.,Fuses,41.77816521,-88.13802543
59,FS-59,RMT002,380,971308800000,480,200,8000,380,Utility,Distribution,Underground,Electric,Electric,Field Service,Asset Mgmt.,Fuses,41.77850831,-88.15084633
60,FS-60,RMT002,380,971308800000,480,200,8000,380,Utility,Distribution,Underground,Electric,Electric,Field Service,Asset Mgmt.,Fuses,41.77659604,-88.15024766
61,FS-61,RMT002,380,971308800000,480,200,8000,380,Utility,Distribution,Underground,Electric,Electric,Field Service,Asset Mgmt.,Fuses,41.77213435,-88.16145161
62,FS-62,RMT002,380,971308800000,480,200,8000,380,Utility,Distribution,Underground,Electric,Electric,Field Service,Asset Mgmt.,Fuses,41.77824002,-88.15797974
63,FS-63,RMT002,380,971308800000,480,200,8000,380,Utility,Distribution,Underground,Electric,Electric,Field Service,Asset Mgmt.,Fuses,41.77257075,-88.15588977
64,FS-64,RMT002,380,971308800000,480,200,8000,380,Utility,Distribution,Underground,Electric,Electric,Field Service,Asset Mgmt.,Fuses,41.77253597,-88.15475835
65,FS-65,RMT002,380,971308800000,480,200,8000,380,Utility,Distribution,Underground,Electric,Electric,Field Service,Asset Mgmt.,Fuses,41.77267906,-88.16330498
66,FS-66,RMT002,380,971308800000,480,200,8000,380,Utility,Distribution,Underground,Electric,Electric,Field Service,Asset Mgmt.,Fuses,41.77885114,-88.15129936
67,FS-67,RMT002,380,971308800000,480,200,8000,380,Utility,Distribution,Overhead,Electric,Electric,Field Service,Asset Mgmt.,Fuses,41.77473772,-88.13612565
68,FS-68,RMT002,380,971308800000,480,200,8000,380,Utility,Distribution,Overhead,Electric,Electric,Field Service,Asset Mgmt.,Fuses,41.77735264,-88.13593342
69,FS-69,RMT002,150,971308800000,480,200,8000,380,Utility,Distribution,Overhead,Electric,Electric,Field Service,Asset Mgmt.,Fuses,41.77793401,-88.13346416
70,FS-70,RMT002,380,971308800000,480,200,8000,380,Utility,Distribution,Overhead,Electric,Electric,Field Service,Asset Mgmt.,Fuses,41.77475968,-88.13666419
71,FS-71,RMT002,380,971308800000,480,200,8000,380,Utility,Distribution,Overhead,Electric,Electric,Field Service,Asset Mgmt.,Fuses,41.7748252,-88.13741882
72,FS-72,RMT002,380,971308800000,480,200,8000,380,Utility,Distribution,Overhead,Electric,Electric,Field Service,Asset Mgmt.,Fuses,41.77479885,-88.13875132
73,FS-73,RMT002,380,971308800000,480,200,8000,380,Utility,Distribution,Overhead,Electric,Electric,Field Service,Asset Mgmt.,Fuses,41.77484187,-88.14017716
74,FS-74,RMT002,380,971308800000,480,200,8000,380,Utility,Distribution,Overhead,Electric,Electric,Field Service,Asset Mgmt.,Fuses,41.77489511,-88.14295975
75,FS-75,RMT002,380,971308800000,480,200,8000,380,Utility,Distribution,Overhead,Electric,Electric,Field Service,Asset Mgmt.,Fuses,41.77492744,-88.14437368
76,FS-76,RMT002,380,971308800000,480,200,8000,380,Utility,Distribution,Overhead,Electric,Electric,Field Service,Asset Mgmt.,Fuses,41.77495574,-88.14555489
77,FS-77,RMT002,380,971308800000,480,200,8000,380,Utility,Distribution,Overhead,Electric,Electric,Field Service,Asset Mgmt.,Fuses,41.7750335,-88.14696533
78,FS-78,RMT002,380,971308800000,480,200,8000,380,Utility,Distribution,Overhead,Electric,Electric,Field Service,Asset Mgmt.,Fuses,41.77504074,-88.14711051
79,FS-79,RMT002,150,971308800000,480,200,8000,380,Utility,Distribution,Underground,Electric,Electric,Field Service,Asset Mgmt.,Fuses,41.77822947,-88.12945958
80,FS-80,RMT002,150,971308800000,480,200,8000,380,Utility,Distribution,Underground,Electric,Electric,Field Service,Asset Mgmt.,Fuses,41.77819241,-88.12946033
81,FS-81,RMT002,150,971308800000,480,200,8000,380,Utility,Distribution,Overhead,Electric,Electric,Field Service,Asset Mgmt.,Fuses,41.7793805,-88.13848482
82,FS-82,RMT002,150,971308800000,480,200,8000,380,Utility,Distribution,Overhead,Electric,Electric,Field Service,Asset Mgmt.,Fuses,41.77955101,-88.13850947
83,FS-83,RMT002,150,971308800000,480,200,8000,380,Utility,Distribution,Overhead,Electric,Electric,Field Service,Asset Mgmt.,Fuses,41.77961433,-88.13991596
84,FS-84,RMT002,150,971308800000,480,200,8000,380,Utility,Distribution,Overhead,Electric,Electric,Field Service,Asset Mgmt.,Fuses,41.77967911,-88.14140155
85,FS-85,RMT002,150,971308800000,480,200,8000,380,Utility,Distribution,Overhead,Electric,Electric,Field Service,Asset Mgmt.,Fuses,41.77967673,-88.14425114
86,FS-86,RMT002,150,971308800000,480,200,8000,380,Utility,Distribution,Overhead,Electric,Electric,Field Service,Asset Mgmt.,Fuses,41.77954226,-88.14480966
87,FS-87,RMT002,150,971308800000,480,200,8000,380,Utility,Distribution,Overhead,Electric,Electric,Field Service,Asset Mgmt.,Fuses,41.77848905,-88.14463689
88,FS-88,RMT002,150,971308800000,480,200,8000,380,Utility,Distribution,Overhead,Electric,Electric,Field Service,Asset Mgmt.,Fuses,41.77818407,-88.14420416
89,FS-89,RMT002,150,971308800000,480,200,8000,380,Utility,Distribution,Overhead,Electric,Electric,Field Service,Asset Mgmt.,Fuses,41.77843754,-88.1433907
90,FS-90,RMT002,150,971308800000,480,200,8000,380,Utility,Distribution,Overhead,Electric,Electric,Field Service,Asset Mgmt.,Fuses,41.77842954,-88.14309117
91,FS-91,RMT002,150,971308800000,480,200,8000,380,Utility,Distribution,Overhead,Electric,Electric,Field Service,Asset Mgmt.,Fuses,41.77827443,-88.14558385
92,FS-92,RMT002,150,971308800000,480,200,8000,380,Utility,Distribution,Overhead,Electric,Electric,Field Service,Asset Mgmt.,Fuses,41.77779831,-88.14560154
93,FS-93,RMT002,150,971308800000,480,200,8000,380,Utility,Distribution,Overhead,Electric,Electric,Field Service,Asset Mgmt.,Fuses,41.77751923,-88.14555331
94,FS-94,RMT002,150,971308800000,480,200,8000,380,Utility,Distribution,Overhead,Electric,Electric,Field Service,Asset Mgmt.,Fuses,41.77752754,-88.14566126
95,FS-95,RMT002,150,971308800000,480,200,8000,380,Utility,Distribution,Overhead,Electric,Electric,Field Service,Asset Mgmt.,Fuses,41.77718558,-88.14561686
96,FS-96,RMT002,150,971308800000,480,200,8000,380,Utility,Distribution,Overhead,Electric,Electric,Field Service,Asset Mgmt.,Fuses,41.77686629,-88.14563451
97,FS-97,RMT002,380,971308800000,480,200,8000,380,Utility,Distribution,Overhead,Electric,Electric,Field Service,Asset Mgmt.,Fuses,41.77239909,-88.14894342
98,FS-98,RMT002,380,971308800000,480,200,8000,380,Utility,Distribution,Underground,Electric,Electric,Field Service,Asset Mgmt.,Fuses,41.7742113,-88.153766
99,FS-99,RMT002,380,997488000000,480,200,8000,380,Utility,Service,Overhead,Electric,Electric,Field Service,Asset Mgmt.,Fuses,41.77826834,-88.15598801
100,FS-100,RMT002,380,997488000000,480,200,8000,380,Utility,Service,Underground,Electric,Electric,Field Service,Asset Mgmt.,Fuses,41.77714027,-88.15088363
101,FS-101,RMT002,380,997488000000,480,200,8000,380,Utility,Service,Overhead,Electric,Electric,Field Service,Asset Mgmt.,Fuses,41.77663824,-88.16243694
102,FS-102,RMT002,380,997488000000,480,200,8000,380,Utility,Service,Overhead,Electric,Electric,Field Service,Asset Mgmt.,Fuses,41.77740366,-88.15812522
103,FS-103,RMT002,380,997488000000,480,200,8000,380,Utility,Service,Overhead,Electric,Electric,Field Service,Asset Mgmt.,Fuses,41.77666018,-88.15825791
104,FS-104,RMT002,380,997488000000,480,200,8000,380,Utility,Service,Overhead,Electric,Electric,Field Service,Asset Mgmt.,Fuses,41.77331533,-88.1618514
105,FS-105,RMT002,380,997488000000,480,200,8000,380,Utility,Service,Overhead,Electric,Electric,Field Service,Asset Mgmt.,Fuses,41.77578037,-88.15612417
106,FS-106,RMT002,380,997488000000,480,200,8000,380,Utility,Service,Overhead,Electric,Electric,Field Service,Asset Mgmt.,Fuses,41.77364679,-88.15298991
107,FS-107,RMT002,380,997488000000,480,200,8000,380,Utility,Service,Overhead,Electric,Electric,Field Service,Asset Mgmt.,Fuses,41.77370211,-88.1547063
108,FS-108,RMT002,380,997488000000,480,200,8000,380,Utility,Service,Overhead,Electric,Electric,Field Service,Asset Mgmt.,Fuses,41.77374258,-88.15792188
109,FS-109,RMT002,380,997488000000,480,200,8000,380,Utility,Service,Overhead,Electric,Electric,Field Service,Asset Mgmt.,Fuses,41.77783368,-88.15234073
110,FS-110,RMT002,380,997488000000,480,200,8000,380,Utility,Service,Overhead,Electric,Electric,Field Service,Asset Mgmt.,Fuses,41.7755081,-88.16219743
111,FS-111,RMT002,380,997488000000,480,200,8000,380,Utility,Service,Overhead,Electric,Electric,Field Service,Asset Mgmt.,Fuses,41.77563002,-88.15965715
112,FS-112,RMT002,380,997488000000,480,200,8000,380,Utility,Service,Overhead,Electric,Electric,Field Service,Asset Mgmt.,Fuses,41.77412743,-88.158645
113,FS-113,RMT002,380,913334400000,480,200,8000,380,Utility,Distribution,Underground,Electric,Electric,Field Service,Asset Mgmt.,Fuses,41.77797968,-88.17766386
114,FS-114,RMT002,380,913334400000,480,200,8000,380,Utility,Distribution,Underground,Electric,Electric,Field Service,Asset Mgmt.,Fuses,41.77875773,-88.1786761
115,FS-115,RMT002,380,913334400000,480,200,8000,380,Utility,Distribution,Underground,Electric,Electric,Field Service,Asset Mgmt.,Fuses,41.7734131,-88.1754143
116,FS-116,RMT002,380,913334400000,480,200,8000,380,Utility,Distribution,Underground,Electric,Electric,Field Service,Asset Mgmt.,Fuses,41.77873499,-88.17942376
117,FS-117,RMT002,380,913334400000,480,200,8000,380,Utility,Distribution,Underground,Electric,Electric,Field Service,Asset Mgmt.,Fuses,41.77871662,-88.18016581
118,FS-118,RMT002,380,913334400000,480,200,8000,380,Utility,Distribution,Underground,Electric,Electric,Field Service,Asset Mgmt.,Fuses,41.77869705,-88.18090327
119,FS-119,RMT002,380,913334400000,480,200,8000,380,Utility,Distribution,Underground,Electric,Electric,Field Service,Asset Mgmt.,Fuses,41.77767593,-88.17705669
120,FS-120,RMT002,380,913334400000,480,200,8000,380,Utility,Distribution,Underground,Electric,Electric,Field Service,Asset Mgmt.,Fuses,41.77769854,-88.17707742
121,FS-121,RMT002,380,913334400000,480,200,8000,380,Utility,Distribution,Underground,Electric,Electric,Field Service,Asset Mgmt.,Fuses,41.77045474,-88.18124796
122,FS-122,RMT002,380,913334400000,480,200,8000,380,Utility,Distribution,Underground,Electric,Electric,Field Service,Asset Mgmt.,Fuses,41.77045051,-88.18123726
123,FS-123,RMT002,380,913334400000,480,200,8000,380,Utility,Distribution,Underground,Electric,Electric,Field Service,Asset Mgmt.,Fuses,41.76951929,-88.18389128
124,FS-124,RMT002,380,913334400000,480,200,8000,380,Utility,Distribution,Underground,Electric,Electric,Field Service,Asset Mgmt.,Fuses,41.76948102,-88.18390828
125,FS-125,RMT002,380,913334400000,480,200,8000,380,Utility,Distribution,Underground,Electric,Electric,Field Service,Asset Mgmt.,Fuses,41.76947505,-88.18394014
126,FS-126,RMT002,380,913334400000,480,200,8000,380,Utility,Distribution,Underground,Electric,Electric,Field Service,Asset Mgmt.,Fuses,41.77128303,-88.17892487
127,FS-127,RMT002,380,913334400000,480,200,8000,380,Utility,Distribution,Underground,Electric,Electric,Field Service,Asset Mgmt.,Fuses,41.77126939,-88.17897341
128,FS-128,RMT002,380,913334400000,480,200,8000,380,Utility,Distribution,Underground,Electric,Electric,Field Service,Asset Mgmt.,Fuses,41.77125021,-88.17893867
129,FS-129,RMT002,380,913334400000,480,200,8000,380,Utility,Distribution,Underground,Electric,Electric,Field Service,Asset Mgmt.,Fuses,41.76837445,-88.18358425
130,FS-130,RMT002,380,913334400000,480,200,8000,380,Utility,Distribution,Underground,Electric,Electric,Field Service,Asset Mgmt.,Fuses,41.76835221,-88.18353832
131,FS-131,RMT002,380,913334400000,480,200,8000,380,Utility,Distribution,Underground,Electric,Electric,Field Service,Asset Mgmt.,Fuses,41.76830885,-88.18354622
132,FS-132,RMT002,380,971308800000,480,200,8000,380,Utility,Distribution,Underground,Electric,Electric,Field Service,Asset Mgmt.,Fuses,41.77881832,-88.15081166
133,FS-133,RMT002,380,971308800000,480,200,8000,380,Utility,Distribution,Underground,Electric,Electric,Field Service,Asset Mgmt.,Fuses,41.77876642,-88.1507925
134,FS-134,RMT002,380,971308800000,480,200,8000,380,Utility,Distribution,Underground,Electric,Electric,Field Service,Asset Mgmt.,Fuses,41.77876857,-88.15076698
135,FS-135,RMT002,380,971308800000,480,200,8000,380,Utility,Distribution,Underground,Electric,Electric,Field Service,Asset Mgmt.,Fuses,41.77266104,-88.16429804
136,FS-136,RMT002,380,971308800000,480,200,8000,380,Utility,Distribution,Underground,Electric,Electric,Field Service,Asset Mgmt.,Fuses,41.77323279,-88.16489319
137,FS-137,RMT002,380,971308800000,480,200,8000,380,Utility,Distribution,Underground,Electric,Electric,Field Service,Asset Mgmt.,Fuses,41.77323624,-88.16503488
138,FS-138,RMT002,380,971308800000,480,200,8000,380,Utility,Distribution,Underground,Electric,Electric,Field Service,Asset Mgmt.,Fuses,41.77316343,-88.1650516
139,FS-139,RMT004,380,739238400000,480,100,8000,380,Utility,Distribution,Overhead,Electric,Electric,Field Service,Asset Mgmt.,Fuses,41.78157847,-88.13741316
140,FS-140,RMT004,380,739238400000,480,100,8000,380,Utility,Distribution,Underground,Electric,Electric,Field Service,Asset Mgmt.,Fuses,41.78361648,-88.13712962
141,FS-141,RMT004,380,739238400000,480,100,8000,380,Utility,Distribution,Overhead,Electric,Electric,Field Service,Asset Mgmt.,Fuses,41.78082007,-88.14600671
142,FS-142,RMT004,380,739238400000,480,200,8000,380,Utility,Distribution,Overhead,Electric,Electric,Field Service,Asset Mgmt.,Fuses,41.7863024,-88.13940325
143,FS-143,RMT004,380,739238400000,480,200,8000,380,Utility,Distribution,Underground,Electric,Electric,Field Service,Asset Mgmt.,Fuses,41.78524438,-88.14162587
144,FS-144,RMT004,380,739238400000,480,200,8000,380,Utility,Distribution,Underground,Electric,Electric,Field Service,Asset Mgmt.,Fuses,41.78530608,-88.14154414
145,FS-145,RMT004,380,739238400000,480,200,8000,380,Utility,Distribution,Underground,Electric,Electric,Field Service,Asset Mgmt.,Fuses,41.78189578,-88.14243086
146,FS-146,RMT004,150,931996800000,480,200,8000,380,Utility,Distribution,Overhead,Electric,Electric,Field Service,Asset Mgmt.,Fuses,41.78300054,-88.1466251
147,FS-147,RMT004,150,931996800000,480,200,8000,380,Utility,Distribution,Underground,Electric,Electric,Field Service,Asset Mgmt.,Fuses,41.78137711,-88.14672995
148,FS-148,RMT004,380,1139011200000,480,200,8000,380,Utility,Distribution,Overhead,Electric,Electric,Field Service,Asset Mgmt.,Fuses,41.7853761,-88.14370173
149,FS-149,RMT004,380,478828800000,480,200,8000,380,Utility,Distribution,Underground,Electric,Electric,Field Service,Asset Mgmt.,Fuses,41.80585787,-88.14449393
150,FS-150,RMT004,380,478828800000,480,200,8000,380,Utility,Distribution,Underground,Electric,Electric,Field Service,Asset Mgmt.,Fuses,41.8058576,-88.14431084
151,FS-151,RMT004,380,287452800000,480,200,8000,380,Utility,Distribution,Underground,Electric,Electric,Field Service,Asset Mgmt.,Fuses,41.80372911,-88.14520017
152,FS-152,RMT004,380,287452800000,480,200,8000,380,Utility,Distribution,Underground,Electric,Electric,Field Service,Asset Mgmt.,Fuses,41.80370474,-88.14525438
153,FS-153,RMT004,380,833932800000,480,200,8000,380,Utility,Distribution,Underground,Electric,Electric,Field Service,Asset Mgmt.,Fuses,41.80393107,-88.14148959
154,FS-154,RMT004,380,833932800000,480,200,8000,380,Utility,Distribution,Underground,Electric,Electric,Field Service,Asset Mgmt.,Fuses,41.80314758,-88.14154314
155,FS-155,RMT004,380,833932800000,480,200,8000,380,Utility,Distribution,Underground,Electric,Electric,Field Service,Asset Mgmt.,Fuses,41.80293256,-88.13870065
156,FS-156,RMT004,380,833932800000,480,200,8000,380,Utility,Distribution,Underground,Electric,Electric,Field Service,Asset Mgmt.,Fuses,41.80293309,-88.13872792
157,FS-157,RMT004,380,833932800000,480,200,8000,380,Utility,Distribution,Underground,Electric,Electric,Field Service,Asset Mgmt.,Fuses,41.80332588,-88.13297728
158,FS-158,RMT004,380,833932800000,480,200,8000,380,Utility,Distribution,Underground,Electric,Electric,Field Service,Asset Mgmt.,Fuses,41.80303784,-88.13127947
159,FS-159,RMT004,380,833932800000,480,200,8000,380,Utility,Distribution,Underground,Electric,Electric,Field Service,Asset Mgmt.,Fuses,41.80312144,-88.1312589
160,FS-160,RMT004,380,833932800000,480,200,8000,380,Utility,Distribution,Underground,Electric,Electric,Field Service,Asset Mgmt.,Fuses,41.8022871,-88.12985421
161,FS-161,RMT004,380,833932800000,480,200,8000,380,Utility,Distribution,Underground,Electric,Electric,Field Service,Asset Mgmt.,Fuses,41.80226475,-88.12980132
162,FS-162,RMT004,380,833932800000,480,200,8000,380,Utility,Distribution,Underground,Electric,Electric,Field Service,Asset Mgmt.,Fuses,41.80118864,-88.12804909
163,FS-163,RMT004,380,833932800000,480,200,8000,380,Utility,Distribution,Underground,Electric,Electric,Field Service,Asset Mgmt.,Fuses,41.80121732,-88.12809755
164,FS-164,RMT004,380,739238400000,480,200,8000,380,Utility,Distribution,Underground,Electric,Electric,Field Service,Asset Mgmt.,Fuses,41.80053713,-88.1257898
165,FS-165,RMT004,380,739238400000,480,200,8000,380,Utility,Distribution,Underground,Electric,Electric,Field Service,Asset Mgmt.,Fuses,41.80060676,-88.12595508
166,FS-166,RMT004,380,739238400000,480,200,8000,380,Utility,Distribution,Underground,Electric,Electric,Field Service,Asset Mgmt.,Fuses,41.80148237,-88.1243799
167,FS-167,RMT004,380,739238400000,480,200,8000,380,Utility,Distribution,Underground,Electric,Electric,Field Service,Asset Mgmt.,Fuses,41.80143689,-88.1244449
168,FS-168,RMT004,380,739238400000,480,200,8000,380,Utility,Distribution,Underground,Electric,Electric,Field Service,Asset Mgmt.,Fuses,41.80237842,-88.12271578
169,FS-169,RMT004,380,739238400000,480,200,8000,380,Utility,Distribution,Underground,Electric,Electric,Field Service,Asset Mgmt.,Fuses,41.80230406,-88.12259928
170,FS-170,RMT004,380,739238400000,480,200,8000,380,Utility,Distribution,Underground,Electric,Electric,Field Service,Asset Mgmt.,Fuses,41.80246761,-88.12065069
171,FS-171,RMT004,380,739238400000,480,200,8000,380,Utility,Distribution,Underground,Electric,Electric,Field Service,Asset Mgmt.,Fuses,41.8024823,-88.12058771
172,FS-172,RMT004,380,739238400000,480,200,8000,380,Utility,Distribution,Underground,Electric,Electric,Field Service,Asset Mgmt.,Fuses,41.80247852,-88.12113187
173,FS-173,RMT004,380,739238400000,480,200,8000,380,Utility,Distribution,Underground,Electric,Electric,Field Service,Asset Mgmt.,Fuses,41.80247589,-88.1211601
174,FS-174,RMT003,380,739238400000,480,200,8000,380,Utility,Distribution,Overhead,Electric,Electric,Field Service,Asset Mgmt.,Fuses,41.80080731,-88.1568007
175,FS-175,RMT002,380,739238400000,480,200,8000,380,Utility,Distribution,Overhead,Electric,Electric,Field Service,Asset Mgmt.,Fuses,41.78050787,-88.17935564
176,FS-176,RMT003,380,739238400000,480,200,8000,380,Utility,Distribution,Underground,Electric,Electric,Field Service,Asset Mgmt.,Fuses,41.80576915,-88.14896783
177,FS-177,RMT003,380,739238400000,480,200,8000,380,Utility,Distribution,Underground,Electric,Electric,Field Service,Asset Mgmt.,Fuses,41.80344927,-88.1557376
178,FS-178,RMT003,380,739238400000,480,200,8000,380,Utility,Distribution,Underground,Electric,Electric,Field Service,Asset Mgmt.,Fuses,41.79925719,-88.15723889
179,FS-179,RMT003,380,739238400000,480,200,8000,380,Utility,Distribution,Underground,Electric,Electric,Field Service,Asset Mgmt.,Fuses,41.79928488,-88.15723922
180,FS-180,RMT003,380,739238400000,480,200,8000,380,Utility,Distribution,Underground,Electric,Electric,Field Service,Asset Mgmt.,Fuses,41.79923754,-88.15723935
181,FS-181,RMT003,150,739238400000,480,200,8000,380,Utility,Distribution,Underground,Electric,Electric,Field Service,Asset Mgmt.,Fuses,41.80097689,-88.16216971
182,FS-182,RMT003,380,739238400000,480,200,8000,380,Utility,Distribution,Underground,Electric,Electric,Field Service,Asset Mgmt.,Fuses,41.7992032,-88.16819371
183,FS-183,RMT003,150,739238400000,480,200,8000,380,Utility,Distribution,Underground,Electric,Electric,Field Service,Asset Mgmt.,Fuses,41.79013314,-88.16426243
184,FS-184,RMT003,150,739238400000,480,200,8000,380,Utility,Distribution,Underground,Electric,Electric,Field Service,Asset Mgmt.,Fuses,41.79015253,-88.16435184
185,FS-185,RMT003,150,739238400000,480,200,8000,380,Utility,Distribution,Underground,Electric,Electric,Field Service,Asset Mgmt.,Fuses,41.7901963,-88.16427527
186,FS-186,RMT003,150,739238400000,480,200,8000,380,Utility,Distribution,Underground,Electric,Electric,Field Service,Asset Mgmt.,Fuses,41.78974387,-88.16500066
187,FS-187,RMT003,150,739238400000,480,200,8000,380,Utility,Distribution,Underground,Electric,Electric,Field Service,Asset Mgmt.,Fuses,41.78971088,-88.16503792
188,FS-188,RMT003,150,739238400000,480,200,8000,380,Utility,Distribution,Underground,Electric,Electric,Field Service,Asset Mgmt.,Fuses,41.78976577,-88.16496585
189,FS-189,RMT003,380,739238400000,480,200,8000,380,Utility,Distribution,Underground,Electric,Electric,Field Service,Asset Mgmt.,Fuses,41.79871846,-88.16975403
190,FS-190,RMT003,380,739238400000,480,200,8000,380,Utility,Distribution,Underground,Electric,Electric,Field Service,Asset Mgmt.,Fuses,41.7987191,-88.16966831
191,FS-191,RMT003,380,739238400000,480,200,8000,380,Utility,Distribution,Underground,Electric,Electric,Field Service,Asset Mgmt.,Fuses,41.79887808,-88.17083907
192,FS-192,RMT003,380,739238400000,480,200,8000,380,Utility,Distribution,Underground,Electric,Electric,Field Service,Asset Mgmt.,Fuses,41.79887748,-88.17075347
193,FS-193,RMT003,380,739238400000,480,200,8000,380,Utility,Distribution,Underground,Electric,Electric,Field Service,Asset Mgmt.,Fuses,41.79922218,-88.17093699
194,FS-194,RMT003,380,739238400000,480,200,8000,380,Utility,Distribution,Underground,Electric,Electric,Field Service,Asset Mgmt.,Fuses,41.79922195,-88.17097478
195,FS-195,RMT003,150,739238400000,480,200,8000,380,Utility,Distribution,Underground,Electric,Electric,Field Service,Asset Mgmt.,Fuses,41.79422846,-88.17638489
196,FS-196,RMT003,150,739238400000,480,200,8000,380,Utility,Distribution,Underground,Electric,Electric,Field Service,Asset Mgmt.,Fuses,41.79422787,-88.1764727
197,FS-197,RMT003,380,739238400000,480,200,8000,380,Utility,Distribution,Underground,Electric,Electric,Field Service,Asset Mgmt.,Fuses,41.78460569,-88.16631659
198,FS-198,RMT003,380,739238400000,480,200,8000,380,Utility,Distribution,Underground,Electric,Electric,Field Service,Asset Mgmt.,Fuses,41.78462706,-88.16632884
199,FS-199,RMT003,380,739238400000,480,200,8000,380,Utility,Distribution,Underground,Electric,Electric,Field Service,Asset Mgmt.,Fuses,41.7846386,-88.16633592
200,FS-200,RMT003,380,739238400000,480,200,8000,380,Utility,Distribution,Underground,Electric,Electric,Field Service,Asset Mgmt.,Fuses,41.7953887,-88.17372345
201,FS-201,RMT002,380,971308800000,480,200,8000,380,Utility,Distribution,Underground,Electric,Electric,Field Service,Asset Mgmt.,Fuses,41.77274966,-88.16311819
202,FS-202,RMT004,380,739238400000,480,200,8000,380,Utility,Distribution,Underground,Electric,Electric,Field Service,Asset Mgmt.,Fuses,41.78548372,-88.14648055
203,FS-203,RMT002,380,913334400000,480,200,8000,380,Utility,Distribution,Underground,Electric,Electric,Field Service,Asset Mgmt.,Fuses,41.77490971,-88.18612429
204,FS-204,RMT002,380,739238400000,480,200,8000,380,Utility,Distribution,Overhead,Electric,Electric,Field Service,Asset Mgmt.,Fuses,41.77858874,-88.18524618
205,FS-205,RMT002,380,913334400000,480,200,8000,380,Utility,Distribution,Underground,Electric,Electric,Field Service,Asset Mgmt.,Fuses,41.76933573,-88.18758116
206,FS-206,RMT002,380,913334400000,480,200,8000,380,Utility,Distribution,Underground,Electric,Electric,Field Service,Asset Mgmt.,Fuses,41.7693032,-88.18758173
207,FS-207,RMT002,380,913334400000,480,200,8000,380,Utility,Distribution,Underground,Electric,Electric,Field Service,Asset Mgmt.,Fuses,41.7693689,-88.18760439
208,FS-208,RMT002,380,1275696000000,480,200,8000,380,Utility,Distribution,Underground,Electric,Electric,Field Service,Asset Mgmt.,Fuses,41.76923186,-88.19564332
209,FS-209,RMT002,380,1275696000000,480,200,8000,380,Utility,Distribution,Underground,Electric,Electric,Field Service,Asset Mgmt.,Fuses,41.76923188,-88.19569481
210,FS-210,RMT002,380,1275696000000,480,200,8000,380,Utility,Distribution,Underground,Electric,Electric,Field Service,Asset Mgmt.,Fuses,41.76919883,-88.19567055
211,FS-211,RMT002,380,1146873600000,480,200,8000,380,Utility,Distribution,Underground,Electric,Electric,Field Service,Asset Mgmt.,Fuses,41.77448108,-88.1957912
212,FS-212,RMT002,380,1146873600000,480,200,8000,380,Utility,Distribution,Underground,Electric,Electric,Field Service,Asset Mgmt.,Fuses,41.77445504,-88.19575701
213,FS-213,RMT002,380,1275696000000,480,200,8000,380,Utility,Distribution,Underground,Electric,Electric,Field Service,Asset Mgmt.,Fuses,41.76925039,-88.19418696
214,FS-214,RMT002,380,1275696000000,480,200,8000,380,Utility,Distribution,Underground,Electric,Electric,Field Service,Asset Mgmt.,Fuses,41.76925137,-88.19422944
215,FS-215,RMT002,380,913334400000,480,200,8000,380,Utility,Distribution,Underground,Electric,Electric,Field Service,Asset Mgmt.,Fuses,41.76936404,-88.1898445
216,FS-216,RMT002,380,1275696000000,480,200,8000,380,Utility,Distribution,Underground,Electric,Electric,Field Service,Asset Mgmt.,Fuses,41.76921536,-88.19277218
217,FS-217,RMT002,380,1275696000000,480,200,8000,380,Utility,Distribution,Underground,Electric,Electric,Field Service,Asset Mgmt.,Fuses,41.76921649,-88.19271967
218,FS-218,RMT002,380,1275696000000,480,200,8000,380,Utility,Distribution,Underground,Electric,Electric,Field Service,Asset Mgmt.,Fuses,41.76915035,-88.19268505
219,FS-219,RMT002,380,1275696000000,480,200,8000,380,Utility,Distribution,Underground,Electric,Electric,Field Service,Asset Mgmt.,Fuses,41.76920133,-88.19758942
220,FS-220,RMT002,380,1275696000000,480,200,8000,380,Utility,Distribution,Underground,Electric,Electric,Field Service,Asset Mgmt.,Fuses,41.76920128,-88.19763324
221,FS-221,RMT002,380,1275696000000,480,200,8000,380,Utility,Distribution,Underground,Electric,Electric,Field Service,Asset Mgmt.,Fuses,41.76915785,-88.20124593
222,FS-222,RMT002,380,1275696000000,480,200,8000,380,Utility,Distribution,Underground,Electric,Electric,Field Service,Asset Mgmt.,Fuses,41.76915616,-88.20120241
223,FS-223,RMT002,380,1275696000000,480,200,8000,380,Utility,Distribution,Underground,Electric,Electric,Field Service,Asset Mgmt.,Fuses,41.76942576,-88.20305658
224,FS-224,RMT002,380,1275696000000,480,200,8000,380,Utility,Distribution,Underground,Electric,Electric,Field Service,Asset Mgmt.,Fuses,41.76938478,-88.20293602
225,FS-225,RMT002,380,1275696000000,480,200,8000,380,Utility,Distribution,Underground,Electric,Electric,Field Service,Asset Mgmt.,Fuses,41.76941382,-88.20301768
226,FS-226,RMT002,380,1275696000000,480,200,8000,380,Utility,Distribution,Underground,Electric,Electric,Field Service,Asset Mgmt.,Fuses,41.76920141,-88.19754487
227,FS-227,RMT002,380,1275696000000,480,200,8000,380,Utility,Distribution,Underground,Electric,Electric,Field Service,Asset Mgmt.,Fuses,41.76945732,-88.1990469
228,FS-228,RMT002,380,1275696000000,480,200,8000,380,Utility,Distribution,Underground,Electric,Electric,Field Service,Asset Mgmt.,Fuses,41.76948563,-88.19897333
229,FS-229,RMT002,380,1275696000000,480,200,8000,380,Utility,Distribution,Underground,Electric,Electric,Field Service,Asset Mgmt.,Fuses,41.76951234,-88.19904659
230,FS-230,RMT002,380,1275696000000,480,200,8000,380,Utility,Distribution,Underground,Electric,Electric,Field Service,Asset Mgmt.,Fuses,41.77107391,-88.19914511
231,FS-231,RMT002,380,1275696000000,480,200,8000,380,Utility,Distribution,Underground,Electric,Electric,Field Service,Asset Mgmt.,Fuses,41.77110241,-88.19914356
232,FS-232,RMT002,380,1275696000000,480,200,8000,380,Utility,Distribution,Underground,Electric,Electric,Field Service,Asset Mgmt.,Fuses,41.77112883,-88.19906209
233,FS-233,RMT002,380,1146873600000,480,200,8000,380,Utility,Distribution,Underground,Electric,Electric,Field Service,Asset Mgmt.,Fuses,41.77280492,-88.19889506
234,FS-234,RMT002,380,1146873600000,480,200,8000,380,Utility,Distribution,Underground,Electric,Electric,Field Service,Asset Mgmt.,Fuses,41.77283232,-88.19888444
235,FS-235,RMT002,380,1146873600000,480,200,8000,380,Utility,Distribution,Underground,Electric,Electric,Field Service,Asset Mgmt.,Fuses,41.77285912,-88.19887502
236,FS-236,RMT002,380,1146873600000,480,200,8000,380,Utility,Distribution,Underground,Electric,Electric,Field Service,Asset Mgmt.,Fuses,41.77450152,-88.19849805
237,FS-237,RMT002,380,1146873600000,480,200,8000,380,Utility,Distribution,Underground,Electric,Electric,Field Service,Asset Mgmt.,Fuses,41.77452957,-88.19848647
238,FS-238,RMT002,380,1146873600000,480,200,8000,380,Utility,Distribution,Underground,Electric,Electric,Field Service,Asset Mgmt.,Fuses,41.77455589,-88.19847798
239,FS-239,RMT002,380,1146873600000,480,200,8000,380,Utility,Distribution,Underground,Electric,Electric,Field Service,Asset Mgmt.,Fuses,41.77618665,-88.19876352
240,FS-240,RMT002,380,1146873600000,480,200,8000,380,Utility,Distribution,Underground,Electric,Electric,Field Service,Asset Mgmt.,Fuses,41.77619192,-88.19872607
241,FS-241,RMT002,380,1146873600000,480,200,8000,380,Utility,Distribution,Underground,Electric,Electric,Field Service,Asset Mgmt.,Fuses,41.77619778,-88.19868988
242,FS-242,RMT002,380,1146873600000,480,200,8000,380,Utility,Distribution,Underground,Electric,Electric,Field Service,Asset Mgmt.,Fuses,41.77640001,-88.19766836
243,FS-243,RMT002,380,1146873600000,480,200,8000,380,Utility,Distribution,Underground,Electric,Electric,Field Service,Asset Mgmt.,Fuses,41.77641095,-88.19764112
244,FS-244,RMT002,380,1146873600000,480,200,8000,380,Utility,Distribution,Underground,Electric,Electric,Field Service,Asset Mgmt.,Fuses,41.77606559,-88.20116549
245,FS-245,RMT002,380,1146873600000,480,200,8000,380,Utility,Distribution,Underground,Electric,Electric,Field Service,Asset Mgmt.,Fuses,41.77606662,-88.20120357
246,FS-246,RMT002,380,1146873600000,480,200,8000,380,Utility,Distribution,Underground,Electric,Electric,Field Service,Asset Mgmt.,Fuses,41.77601175,-88.20124356
247,FS-247,RMT002,380,1146873600000,480,200,8000,380,Utility,Distribution,Underground,Electric,Electric,Field Service,Asset Mgmt.,Fuses,41.77587321,-88.20229285
248,FS-248,RMT002,380,1146873600000,480,200,8000,380,Utility,Distribution,Underground,Electric,Electric,Field Service,Asset Mgmt.,Fuses,41.77585789,-88.20232581
249,FS-249,RMT002,380,1146873600000,480,200,8000,380,Utility,Distribution,Underground,Electric,Electric,Field Service,Asset Mgmt.,Fuses,41.77461425,-88.20321819
250,FS-250,RMT002,380,1146873600000,480,200,8000,380,Utility,Distribution,Underground,Electric,Electric,Field Service,Asset Mgmt.,Fuses,41.77464107,-88.20321042
251,FS-251,RMT002,380,1146873600000,480,200,8000,380,Utility,Distribution,Underground,Electric,Electric,Field Service,Asset Mgmt.,Fuses,41.77466875,-88.20320121
252,FS-252,RMT002,380,1146873600000,480,200,8000,380,Utility,Distribution,Underground,Electric,Electric,Field Service,Asset Mgmt.,Fuses,41.77599791,-88.19575303
253,FS-253,RMT002,380,1146873600000,480,200,8000,380,Utility,Distribution,Underground,Electric,Electric,Field Service,Asset Mgmt.,Fuses,41.77596938,-88.19575309
254,FS-254,RMT002,380,1146873600000,480,200,8000,380,Utility,Distribution,Underground,Electric,Electric,Field Service,Asset Mgmt.,Fuses,41.77594169,-88.19575143
255,FS-255,RMT002,380,1146873600000,480,200,8000,380,Utility,Distribution,Underground,Electric,Electric,Field Service,Asset Mgmt.,Fuses,41.77466284,-88.19281444
256,FS-256,RMT002,380,1146873600000,480,200,8000,380,Utility,Distribution,Underground,Electric,Electric,Field Service,Asset Mgmt.,Fuses,41.77466293,-88.19277047
257,FS-257,RMT002,380,1146873600000,480,200,8000,380,Utility,Distribution,Underground,Electric,Electric,Field Service,Asset Mgmt.,Fuses,41.7747552,-88.19170983
258,FS-258,RMT002,380,1146873600000,480,200,8000,380,Utility,Distribution,Underground,Electric,Electric,Field Service,Asset Mgmt.,Fuses,41.77475522,-88.19166585
259,FS-259,RMT002,380,739238400000,480,200,8000,380,Utility,Distribution,Underground,Electric,Electric,Field Service,Asset Mgmt.,Fuses,41.77470038,-88.19162172
260,FS-260,RMT002,380,913334400000,480,200,8000,380,Utility,Distribution,Underground,Electric,Electric,Field Service,Asset Mgmt.,Fuses,41.76955409,-88.18573263
261,FS-261,RMT002,380,913334400000,480,200,8000,380,Utility,Distribution,Underground,Electric,Electric,Field Service,Asset Mgmt.,Fuses,41.76955403,-88.18568926
262,FS-262,RMT002,380,913334400000,480,200,8000,380,Utility,Distribution,Underground,Electric,Electric,Field Service,Asset Mgmt.,Fuses,41.77718414,-88.18636561
263,FS-263,RMT002,380,913334400000,480,200,8000,380,Utility,Distribution,Underground,Electric,Electric,Field Service,Asset Mgmt.,Fuses,41.77721546,-88.18635211
264,FS-264,RMT002,380,913334400000,480,200,8000,380,Utility,Distribution,Underground,Electric,Electric,Field Service,Asset Mgmt.,Fuses,41.77479616,-88.18651135
265,FS-265,RMT002,380,913334400000,480,200,8000,380,Utility,Distribution,Underground,Electric,Electric,Field Service,Asset Mgmt.,Fuses,41.77476329,-88.18651092
266,FS-266,RMT002,380,913334400000,480,200,8000,380,Utility,Distribution,Underground,Electric,Electric,Field Service,Asset Mgmt.,Fuses,41.77473584,-88.18651123
267,FS-267,RMT002,380,913334400000,480,200,8000,380,Utility,Distribution,Underground,Electric,Electric,Field Service,Asset Mgmt.,Fuses,41.77262146,-88.1860692
268,FS-268,RMT002,380,913334400000,480,200,8000,380,Utility,Distribution,Underground,Electric,Electric,Field Service,Asset Mgmt.,Fuses,41.77258859,-88.18606877
269,FS-269,RMT002,380,913334400000,480,200,8000,380,Utility,Distribution,Underground,Electric,Electric,Field Service,Asset Mgmt.,Fuses,41.77178053,-88.1860603
270,FS-270,RMT002,380,913334400000,480,200,8000,380,Utility,Distribution,Underground,Electric,Electric,Field Service,Asset Mgmt.,Fuses,41.77174765,-88.18605988
271,FS-271,RMT002,380,913334400000,480,200,8000,380,Utility,Distribution,Underground,Electric,Electric,Field Service,Asset Mgmt.,Fuses,41.77141737,-88.18603906
272,FS-272,RMT002,380,913334400000,480,200,8000,380,Utility,Distribution,Underground,Electric,Electric,Field Service,Asset Mgmt.,Fuses,41.77138449,-88.18603864
273,FS-273,RMT002,380,1275696000000,480,200,8000,380,Utility,Distribution,Underground,Electric,Electric,Field Service,Asset Mgmt.,Fuses,41.76305692,-88.20028446
274,FS-274,RMT002,380,1275696000000,480,200,8000,380,Utility,Distribution,Underground,Electric,Electric,Field Service,Asset Mgmt.,Fuses,41.76308416,-88.2002121
275,FS-275,RMT002,380,1275696000000,480,200,8000,380,Utility,Distribution,Underground,Electric,Electric,Field Service,Asset Mgmt.,Fuses,41.76346784,-88.19591233
276,FS-276,RMT002,380,1275696000000,480,200,8000,380,Utility,Distribution,Underground,Electric,Electric,Field Service,Asset Mgmt.,Fuses,41.76353265,-88.19591602
277,FS-277,RMT002,380,1275696000000,480,200,8000,380,Utility,Distribution,Underground,Electric,Electric,Field Service,Asset Mgmt.,Fuses,41.76356593,-88.19591402
278,FS-278,RMT002,380,1275696000000,480,200,8000,380,Utility,Distribution,Underground,Electric,Electric,Field Service,Asset Mgmt.,Fuses,41.76394263,-88.19242835
279,FS-279,RMT002,380,1275696000000,480,200,8000,380,Utility,Distribution,Underground,Electric,Electric,Field Service,Asset Mgmt.,Fuses,41.76395118,-88.19238912
280,FS-280,RMT002,380,1275696000000,480,200,8000,380,Utility,Distribution,Underground,Electric,Electric,Field Service,Asset Mgmt.,Fuses,41.7664035,-88.19585894
281,FS-281,RMT002,380,1275696000000,480,200,8000,380,Utility,Distribution,Underground,Electric,Electric,Field Service,Asset Mgmt.,Fuses,41.76646978,-88.19585874
282,FS-282,RMT002,380,1275696000000,480,200,8000,380,Utility,Distribution,Underground,Electric,Electric,Field Service,Asset Mgmt.,Fuses,41.76643637,-88.19585846
283,FS-283,RMT002,380,1275696000000,480,200,8000,380,Utility,Distribution,Underground,Electric,Electric,Field Service,Asset Mgmt.,Fuses,41.76517013,-88.19590397
284,FS-284,RMT002,380,1275696000000,480,200,8000,380,Utility,Distribution,Underground,Electric,Electric,Field Service,Asset Mgmt.,Fuses,41.76513814,-88.19590534
285,FS-285,RMT002,380,1275696000000,480,200,8000,380,Utility,Distribution,Underground,Electric,Electric,Field Service,Asset Mgmt.,Fuses,41.76736541,-88.20555804
286,FS-286,RMT002,380,1275696000000,480,200,8000,380,Utility,Distribution,Underground,Electric,Electric,Field Service,Asset Mgmt.,Fuses,41.76733935,-88.20555726
287,FS-287,RMT002,380,1275696000000,480,200,8000,380,Utility,Distribution,Underground,Electric,Electric,Field Service,Asset Mgmt.,Fuses,41.76731208,-88.20555652
288,FS-288,RMT002,380,1275696000000,480,200,8000,380,Utility,Distribution,Underground,Electric,Electric,Field Service,Asset Mgmt.,Fuses,41.76637416,-88.20230661
289,FS-289,RMT002,380,1275696000000,480,200,8000,380,Utility,Distribution,Underground,Electric,Electric,Field Service,Asset Mgmt.,Fuses,41.76635207,-88.20227524
290,FS-290,RMT002,380,1275696000000,480,200,8000,380,Utility,Distribution,Underground,Electric,Electric,Field Service,Asset Mgmt.,Fuses,41.76559073,-88.20126652
291,FS-291,RMT002,380,1275696000000,480,200,8000,380,Utility,Distribution,Underground,Electric,Electric,Field Service,Asset Mgmt.,Fuses,41.76556746,-88.20123505
292,FS-292,RMT002,380,1275696000000,480,200,8000,380,Utility,Distribution,Underground,Electric,Electric,Field Service,Asset Mgmt.,Fuses,41.76516266,-88.19798033
293,FS-293,RMT002,380,1275696000000,480,200,8000,380,Utility,Distribution,Underground,Electric,Electric,Field Service,Asset Mgmt.,Fuses,41.76516417,-88.19794415
294,FS-294,RMT002,380,1275696000000,480,200,8000,380,Utility,Distribution,Underground,Electric,Electric,Field Service,Asset Mgmt.,Fuses,41.76516431,-88.19790876
295,FS-295,RMT002,380,1275696000000,480,200,8000,380,Utility,Distribution,Underground,Electric,Electric,Field Service,Asset Mgmt.,Fuses,41.76829943,-88.20317668
296,FS-296,RMT002,380,1275696000000,480,200,8000,380,Utility,Distribution,Underground,Electric,Electric,Field Service,Asset Mgmt.,Fuses,41.76823325,-88.20312915
297,FS-297,RMT002,380,1275696000000,480,200,8000,380,Utility,Distribution,Underground,Electric,Electric,Field Service,Asset Mgmt.,Fuses,41.77046213,-88.20366254
298,FS-298,RMT002,380,1275696000000,480,200,8000,380,Utility,Distribution,Underground,Electric,Electric,Field Service,Asset Mgmt.,Fuses,41.7704888,-88.20364901
299,FS-299,RMT002,380,1146873600000,480,200,8000,380,Utility,Distribution,Underground,Electric,Electric,Field Service,Asset Mgmt.,Fuses,41.7736822,-88.2054764
300,FS-300,RMT002,380,1146873600000,480,200,8000,380,Utility,Distribution,Underground,Electric,Electric,Field Service,Asset Mgmt.,Fuses,41.77371073,-88.2054762
301,FS-301,RMT002,380,1146873600000,480,200,8000,380,Utility,Distribution,Underground,Electric,Electric,Field Service,Asset Mgmt.,Fuses,41.77665703,-88.2027381
302,FS-302,RMT002,380,1146873600000,480,200,8000,380,Utility,Distribution,Underground,Electric,Electric,Field Service,Asset Mgmt.,Fuses,41.77668555,-88.2027379
303,FS-303,RMT002,380,913334400000,480,200,8000,380,Utility,Distribution,Underground,Electric,Electric,Field Service,Asset Mgmt.,Fuses,41.77562698,-88.18808504
304,FS-304,RMT002,380,913334400000,480,200,8000,380,Utility,Distribution,Underground,Electric,Electric,Field Service,Asset Mgmt.,Fuses,41.7756599,-88.18808547
305,FS-305,RMT002,380,913334400000,480,200,8000,380,Utility,Distribution,Underground,Electric,Electric,Field Service,Asset Mgmt.,Fuses,41.77073966,-88.18391875
306,FS-306,RMT002,380,913334400000,480,200,8000,380,Utility,Distribution,Underground,Electric,Electric,Field Service,Asset Mgmt.,Fuses,41.770739,-88.18387547
307,FS-307,RMT002,380,913334400000,480,200,8000,380,Utility,Distribution,Underground,Electric,Electric,Field Service,Asset Mgmt.,Fuses,41.7707012,-88.18292599
308,FS-308,RMT002,380,913334400000,480,200,8000,380,Utility,Distribution,Underground,Electric,Electric,Field Service,Asset Mgmt.,Fuses,41.77070054,-88.18288272
309,FS-309,RMT002,380,1275696000000,480,200,8000,380,Utility,Distribution,Underground,Electric,Electric,Field Service,Asset Mgmt.,Fuses,41.77002474,-88.20546987
310,FS-310,RMT002,380,1275696000000,480,200,8000,380,Utility,Distribution,Underground,Electric,Electric,Field Service,Asset Mgmt.,Fuses,41.77005323,-88.20554361
311,FS-311,RMT002,380,1146873600000,480,200,8000,380,Utility,Distribution,Underground,Electric,Electric,Field Service,Asset Mgmt.,Fuses,41.77290367,-88.20317517
312,FS-312,RMT002,380,1275696000000,480,200,8000,380,Utility,Distribution,Underground,Electric,Electric,Field Service,Asset Mgmt.,Fuses,41.76635349,-88.19471717
313,FS-313,RMT002,380,1275696000000,480,200,8000,380,Utility,Distribution,Underground,Electric,Electric,Field Service,Asset Mgmt.,Fuses,41.76632097,-88.19472299
314,FS-314,RMT002,380,913334400000,480,200,8000,380,Utility,Distribution,Underground,Electric,Electric,Field Service,Asset Mgmt.,Fuses,41.77025116,-88.1866853
315,FS-315,RMT002,380,913334400000,480,200,8000,380,Utility,Distribution,Underground,Electric,Electric,Field Service,Asset Mgmt.,Fuses,41.77028011,-88.18661193
316,FS-316,RMT002,380,1275696000000,480,200,8000,380,Utility,Distribution,Underground,Electric,Electric,Field Service,Asset Mgmt.,Fuses,41.76999741,-88.2054696
317,FS-317,RMT002,380,913334400000,480,200,8000,380,Utility,Distribution,Underground,Electric,Electric,Field Service,Asset Mgmt.,Fuses,41.76847143,-88.18658095
318,FS-318,RMT002,380,913334400000,480,200,8000,380,Utility,Distribution,Underground,Electric,Electric,Field Service,Asset Mgmt.,Fuses,41.76840468,-88.18657913
319,FS-319,RMT002,380,913334400000,480,200,8000,380,Utility,Distribution,Underground,Electric,Electric,Field Service,Asset Mgmt.,Fuses,41.76837509,-88.18657902
320,FS-320,RMT002,380,913334400000,480,200,8000,380,Utility,Distribution,Underground,Electric,Electric,Field Service,Asset Mgmt.,Fuses,41.76750087,-88.186196
321,FS-321,RMT002,380,913334400000,480,200,8000,380,Utility,Distribution,Underground,Electric,Electric,Field Service,Asset Mgmt.,Fuses,41.76747143,-88.18619589
322,FS-322,RMT002,380,913334400000,480,200,8000,380,Utility,Distribution,Underground,Electric,Electric,Field Service,Asset Mgmt.,Fuses,41.76610581,-88.1854545
323,FS-323,RMT002,380,913334400000,480,200,8000,380,Utility,Distribution,Underground,Electric,Electric,Field Service,Asset Mgmt.,Fuses,41.76605053,-88.18546124
324,FS-324,RMT002,380,913334400000,480,200,8000,380,Utility,Distribution,Underground,Electric,Electric,Field Service,Asset Mgmt.,Fuses,41.76607714,-88.18554256
325,FS-325,RMT004,380,739238400000,480,200,8000,380,Utility,Distribution,Underground,Electric,Electric,Field Service,Asset Mgmt.,Fuses,41.78692497,-88.13499083
326,FS-326,RMT004,380,739238400000,480,200,8000,380,Utility,Distribution,Underground,Electric,Electric,Field Service,Asset Mgmt.,Fuses,41.79538178,-88.12487573
327,FS-327,RMT004,380,739238400000,480,200,8000,380,Utility,Distribution,Underground,Electric,Electric,Field Service,Asset Mgmt.,Fuses,41.79532031,-88.12497824
328,FS-328,RMT004,380,739238400000,480,200,8000,380,Utility,Distribution,Underground,Electric,Electric,Field Service,Asset Mgmt.,Fuses,41.79259727,-88.12765933
329,FS-329,RMT004,380,739238400000,480,200,8000,380,Utility,Distribution,Underground,Electric,Electric,Field Service,Asset Mgmt.,Fuses,41.79254115,-88.12759059
330,FS-330,RMT003,150,833932800000,480,200,8000,380,Utility,Distribution,Underground,Electric,Electric,Field Service,Asset Mgmt.,Fuses,41.80317444,-88.14917143
331,FS-331,RMT003,150,833932800000,480,200,8000,380,Utility,Distribution,Underground,Electric,Electric,Field Service,Asset Mgmt.,Fuses,41.80226758,-88.14871564
332,FS-332,RMT003,150,833932800000,480,200,8000,380,Utility,Distribution,Underground,Electric,Electric,Field Service,Asset Mgmt.,Fuses,41.80231168,-88.14871591
333,FS-333,RMT004,150,833932800000,480,200,8000,380,Utility,Distribution,Underground,Electric,Electric,Field Service,Asset Mgmt.,Fuses,41.80585572,-88.14437563
334,FS-334,RMT004,150,287452800000,480,200,8000,380,Utility,Distribution,Underground,Electric,Electric,Field Service,Asset Mgmt.,Fuses,41.80374657,-88.14515364
335,FS-335,RMT003,380,833932800000,480,200,8000,380,Utility,Distribution,Underground,Electric,Electric,Field Service,Asset Mgmt.,Fuses,41.80117446,-88.14912769
336,FS-336,RMT003,380,833932800000,480,200,8000,380,Utility,Distribution,Underground,Electric,Electric,Field Service,Asset Mgmt.,Fuses,41.80117674,-88.14905595
337,FS-337,RMT003,380,833932800000,480,200,8000,380,Utility,Distribution,Underground,Electric,Electric,Field Service,Asset Mgmt.,Fuses,41.80117668,-88.14901965
338,FS-338,RMT003,150,833932800000,480,200,8000,380,Utility,Distribution,Underground,Electric,Electric,Field Service,Asset Mgmt.,Fuses,41.80134673,-88.14670087
339,FS-339,RMT003,150,833932800000,480,200,8000,380,Utility,Distribution,Underground,Electric,Electric,Field Service,Asset Mgmt.,Fuses,41.80134844,-88.14666539
340,FS-340,RMT003,150,833932800000,480,200,8000,380,Utility,Distribution,Underground,Electric,Electric,Field Service,Asset Mgmt.,Fuses,41.80264819,-88.14287124
341,FS-341,RMT003,380,833932800000,480,200,8000,380,Utility,Distribution,Underground,Electric,Electric,Field Service,Asset Mgmt.,Fuses,41.80126863,-88.1502955
342,FS-342,RMT003,380,833932800000,480,200,8000,380,Utility,Distribution,Underground,Electric,Electric,Field Service,Asset Mgmt.,Fuses,41.80126871,-88.15032921
343,FS-343,RMT003,380,833932800000,480,200,8000,380,Utility,Distribution,Underground,Electric,Electric,Field Service,Asset Mgmt.,Fuses,41.80124838,-88.15101808
344,FS-344,RMT003,380,833932800000,480,200,8000,380,Utility,Distribution,Underground,Electric,Electric,Field Service,Asset Mgmt.,Fuses,41.80124667,-88.15105347
345,FS-345,RMT003,380,833932800000,480,200,8000,380,Utility,Distribution,Underground,Electric,Electric,Field Service,Asset Mgmt.,Fuses,41.80124845,-88.15108856
346,FS-346,RMT003,380,833932800000,480,200,8000,380,Utility,Distribution,Underground,Electric,Electric,Field Service,Asset Mgmt.,Fuses,41.80113034,-88.15215672
347,FS-347,RMT003,380,833932800000,480,200,8000,380,Utility,Distribution,Underground,Electric,Electric,Field Service,Asset Mgmt.,Fuses,41.80113184,-88.15219907
348,FS-348,RMT003,380,833932800000,480,200,8000,380,Utility,Distribution,Underground,Electric,Electric,Field Service,Asset Mgmt.,Fuses,41.80107117,-88.15224142
349,FS-349,RMT003,150,833932800000,480,200,8000,380,Utility,Distribution,Underground,Electric,Electric,Field Service,Asset Mgmt.,Fuses,41.80114599,-88.15452749
350,FS-350,RMT003,150,833932800000,480,280,8000,380,Utility,Distribution,Underground,Electric,Electric,Field Service,Asset Mgmt.,Fuses,41.80112812,-88.15452679
351,FS-351,RMT003,150,833932800000,480,280,8000,380,Utility,Distribution,Underground,Electric,Electric,Field Service,Asset Mgmt.,Fuses,41.79987238,-88.15047321
352,FS-352,RMT003,150,833932800000,480,280,8000,380,Utility,Distribution,Underground,Electric,Electric,Field Service,Asset Mgmt.,Fuses,41.79983709,-88.15047422
353,FS-353,RMT004,150,833932800000,480,280,8000,380,Utility,Distribution,Underground,Electric,Electric,Field Service,Asset Mgmt.,Fuses,41.80401322,-88.1414794
354,FS-354,RMT004,150,833932800000,480,280,8000,380,Utility,Distribution,Underground,Electric,Electric,Field Service,Asset Mgmt.,Fuses,41.80395881,-88.14148593
355,FS-355,RMT004,150,833932800000,480,280,8000,380,Utility,Distribution,Underground,Electric,Electric,Field Service,Asset Mgmt.,Fuses,41.80317553,-88.14153767
356,FS-356,RMT004,150,833932800000,480,200,8000,380,Utility,Distribution,Underground,Electric,Electric,Field Service,Asset Mgmt.,Fuses,41.8029308,-88.13875864
357,FS-357,RMT004,150,833932800000,480,200,8000,380,Utility,Distribution,Underground,Electric,Electric,Field Service,Asset Mgmt.,Fuses,41.80307893,-88.13660568
358,FS-358,RMT004,150,833932800000,480,200,8000,380,Utility,Distribution,Underground,Electric,Electric,Field Service,Asset Mgmt.,Fuses,41.80301996,-88.13664201
359,FS-359,RMT004,150,833932800000,480,200,8000,380,Utility,Distribution,Underground,Electric,Electric,Field Service,Asset Mgmt.,Fuses,41.80308368,-88.13656464
360,FS-360,RMT004,150,833932800000,480,200,8000,380,Utility,Distribution,Underground,Electric,Electric,Field Service,Asset Mgmt.,Fuses,41.80312945,-88.13471517
361,FS-361,RMT004,150,833932800000,480,200,8000,380,Utility,Distribution,Underground,Electric,Electric,Field Service,Asset Mgmt.,Fuses,41.80318598,-88.13468054
362,FS-362,RMT004,150,833932800000,480,200,8000,380,Utility,Distribution,Underground,Electric,Electric,Field Service,Asset Mgmt.,Fuses,41.80317966,-88.13477682
363,FS-363,RMT004,150,833932800000,480,200,8000,380,Utility,Distribution,Underground,Electric,Electric,Field Service,Asset Mgmt.,Fuses,41.80355802,-88.13502071
364,FS-364,RMT004,150,833932800000,480,200,8000,380,Utility,Distribution,Underground,Electric,Electric,Field Service,Asset Mgmt.,Fuses,41.8035693,-88.13490031
365,FS-365,RMT004,150,833932800000,480,200,8000,380,Utility,Distribution,Underground,Electric,Electric,Field Service,Asset Mgmt.,Fuses,41.80334427,-88.13304345
366,FS-366,RMT004,150,833932800000,480,200,8000,380,Utility,Distribution,Underground,Electric,Electric,Field Service,Asset Mgmt.,Fuses,41.80301339,-88.1312372
367,FS-367,RMT004,150,833932800000,480,200,8000,380,Utility,Distribution,Underground,Electric,Electric,Field Service,Asset Mgmt.,Fuses,41.80511574,-88.13366204
368,FS-368,RMT004,150,833932800000,480,200,8000,380,Utility,Distribution,Underground,Electric,Electric,Field Service,Asset Mgmt.,Fuses,41.80504069,-88.13357376
369,FS-369,RMT004,150,833932800000,480,200,8000,380,Utility,Distribution,Underground,Electric,Electric,Field Service,Asset Mgmt.,Fuses,41.8022364,-88.12976056
370,FS-370,RMT004,150,833932800000,480,200,8000,380,Utility,Distribution,Underground,Electric,Electric,Field Service,Asset Mgmt.,Fuses,41.80111205,-88.12807648
371,FS-371,RMT004,150,833932800000,480,200,8000,380,Utility,Distribution,Underground,Electric,Electric,Field Service,Asset Mgmt.,Fuses,41.79935692,-88.12778049
372,FS-372,RMT004,150,833932800000,480,200,8000,380,Utility,Distribution,Underground,Electric,Electric,Field Service,Asset Mgmt.,Fuses,41.79935393,-88.12790315
373,FS-373,RMT004,150,833932800000,480,200,8000,380,Utility,Distribution,Underground,Electric,Electric,Field Service,Asset Mgmt.,Fuses,41.79939417,-88.12508446
374,FS-374,RMT004,150,833932800000,480,200,8000,380,Utility,Distribution,Underground,Electric,Electric,Field Service,Asset Mgmt.,Fuses,41.79945276,-88.12503768
375,FS-375,RMT004,150,833932800000,480,200,8000,380,Utility,Distribution,Underground,Electric,Electric,Field Service,Asset Mgmt.,Fuses,41.79868805,-88.12583095
376,FS-376,RMT004,150,833932800000,480,200,8000,380,Utility,Distribution,Underground,Electric,Electric,Field Service,Asset Mgmt.,Fuses,41.79865092,-88.12586832
377,FS-377,RMT004,150,833932800000,480,200,8000,380,Utility,Distribution,Underground,Electric,Electric,Field Service,Asset Mgmt.,Fuses,41.79770183,-88.12684394
378,FS-378,RMT004,150,833932800000,480,200,8000,380,Utility,Distribution,Underground,Electric,Electric,Field Service,Asset Mgmt.,Fuses,41.79782773,-88.12672044
379,FS-379,RMT004,150,833932800000,480,200,8000,380,Utility,Distribution,Underground,Electric,Electric,Field Service,Asset Mgmt.,Fuses,41.79934871,-88.12329341
380,FS-380,RMT004,150,833932800000,480,200,8000,380,Utility,Distribution,Underground,Electric,Electric,Field Service,Asset Mgmt.,Fuses,41.79935398,-88.12324555
381,FS-381,RMT004,150,833932800000,480,200,8000,380,Utility,Distribution,Underground,Electric,Electric,Field Service,Asset Mgmt.,Fuses,41.7993968,-88.12321476
382,FS-382,RMT004,150,833932800000,480,200,8000,380,Utility,Distribution,Underground,Electric,Electric,Field Service,Asset Mgmt.,Fuses,41.79855854,-88.12298919
383,FS-383,RMT004,150,833932800000,480,200,8000,380,Utility,Distribution,Underground,Electric,Electric,Field Service,Asset Mgmt.,Fuses,41.79858668,-88.12293524
384,FS-384,RMT004,150,833932800000,480,200,8000,380,Utility,Distribution,Underground,Electric,Electric,Field Service,Asset Mgmt.,Fuses,41.79831512,-88.12225751
385,FS-385,RMT004,150,833932800000,480,200,8000,380,Utility,Distribution,Underground,Electric,Electric,Field Service,Asset Mgmt.,Fuses,41.79829858,-88.12221474
386,FS-386,RMT004,150,833932800000,480,200,8000,380,Utility,Distribution,Underground,Electric,Electric,Field Service,Asset Mgmt.,Fuses,41.79795786,-88.12141902
387,FS-387,RMT004,150,833932800000,480,200,8000,380,Utility,Distribution,Underground,Electric,Electric,Field Service,Asset Mgmt.,Fuses,41.79797044,-88.12136732
388,FS-388,RMT004,150,833932800000,480,200,8000,380,Utility,Distribution,Underground,Electric,Electric,Field Service,Asset Mgmt.,Fuses,41.80037724,-88.12171515
389,FS-389,RMT004,150,833932800000,480,200,8000,380,Utility,Distribution,Underground,Electric,Electric,Field Service,Asset Mgmt.,Fuses,41.80042141,-88.12172457
390,FS-390,RMT004,150,833932800000,480,200,8000,380,Utility,Distribution,Underground,Electric,Electric,Field Service,Asset Mgmt.,Fuses,41.80142337,-88.12424218
391,FS-391,RMT004,150,833932800000,480,200,8000,380,Utility,Distribution,Underground,Electric,Electric,Field Service,Asset Mgmt.,Fuses,41.8023332,-88.12255775
392,FS-392,RMT004,150,833932800000,480,200,8000,380,Utility,Distribution,Underground,Electric,Electric,Field Service,Asset Mgmt.,Fuses,41.8024776,-88.12110885
393,FS-393,RMT004,150,833932800000,480,200,8000,380,Utility,Distribution,Underground,Electric,Electric,Field Service,Asset Mgmt.,Fuses,41.80252248,-88.12054986
394,FS-394,RMT004,150,833932800000,480,200,8000,380,Utility,Distribution,Underground,Electric,Electric,Field Service,Asset Mgmt.,Fuses,41.79968646,-88.1192059
395,FS-395,RMT004,150,833932800000,480,200,8000,380,Utility,Distribution,Underground,Electric,Electric,Field Service,Asset Mgmt.,Fuses,41.79968525,-88.11931729
396,FS-396,RMT004,150,833932800000,480,200,8000,380,Utility,Distribution,Underground,Electric,Electric,Field Service,Asset Mgmt.,Fuses,41.80057811,-88.11973753
397,FS-397,RMT004,150,833932800000,480,200,8000,380,Utility,Distribution,Underground,Electric,Electric,Field Service,Asset Mgmt.,Fuses,41.80054796,-88.11972992
398,FS-398,RMT004,150,833932800000,480,50,8000,380,Utility,Distribution,Underground,Electric,Electric,Field Service,Asset Mgmt.,Fuses,41.80311678,-88.1229212
399,FS-399,RMT004,150,833932800000,480,50,8000,380,Utility,Distribution,Underground,Electric,Electric,Field Service,Asset Mgmt.,Fuses,41.8031398,-88.12296156
400,FS-400,RMT004,150,833932800000,480,50,8000,380,Utility,Distribution,Underground,Electric,Electric,Field Service,Asset Mgmt.,Fuses,41.80061188,-88.12587331
401,FS-401,RMT004,150,833932800000,480,50,8000,380,Utility,Distribution,Underground,Electric,Electric,Field Service,Asset Mgmt.,Fuses,41.79698701,-88.12724131
402,FS-402,RMT004,150,833932800000,480,50,8000,380,Utility,Distribution,Underground,Electric,Electric,Field Service,Asset Mgmt.,Fuses,41.79700696,-88.12739067
403,FS-403,RMT004,150,833932800000,480,50,8000,380,Utility,Distribution,Underground,Electric,Electric,Field Service,Asset Mgmt.,Fuses,41.79698699,-88.12736032
404,FS-404,RMT004,150,833932800000,480,50,8000,380,Utility,Distribution,Underground,Electric,Electric,Field Service,Asset Mgmt.,Fuses,41.79398337,-88.12809822
405,FS-405,RMT004,150,833932800000,480,50,8000,380,Utility,Distribution,Underground,Electric,Electric,Field Service,Asset Mgmt.,Fuses,41.79398358,-88.12814974
406,FS-406,RMT004,150,833932800000,480,50,8000,380,Utility,Distribution,Underground,Electric,Electric,Field Service,Asset Mgmt.,Fuses,41.79398485,-88.12820728
407,FS-407,RMT004,150,833932800000,480,50,8000,380,Utility,Distribution,Underground,Electric,Electric,Field Service,Asset Mgmt.,Fuses,41.79343513,-88.1312681
408,FS-408,RMT004,150,833932800000,480,50,8000,380,Utility,Distribution,Underground,Electric,Electric,Field Service,Asset Mgmt.,Fuses,41.7933658,-88.13130022
409,FS-409,RMT004,150,833932800000,480,50,8000,380,Utility,Distribution,Underground,Electric,Electric,Field Service,Asset Mgmt.,Fuses,41.79310095,-88.13622384
410,FS-410,RMT004,150,833932800000,480,50,8000,380,Utility,Distribution,Underground,Electric,Electric,Field Service,Asset Mgmt.,Fuses,41.7930994,-88.13630446
411,FS-411,RMT004,150,833932800000,480,50,8000,380,Utility,Distribution,Underground,Electric,Electric,Field Service,Asset Mgmt.,Fuses,41.79368452,-88.14244217
412,FS-412,RMT004,150,833932800000,480,50,8000,380,Utility,Distribution,Underground,Electric,Electric,Field Service,Asset Mgmt.,Fuses,41.79373439,-88.14242674
413,FS-413,RMT004,150,833932800000,480,50,8000,380,Utility,Distribution,Underground,Electric,Electric,Field Service,Asset Mgmt.,Fuses,41.79407309,-88.14627991
414,FS-414,RMT004,150,833932800000,480,50,8000,380,Utility,Distribution,Underground,Electric,Electric,Field Service,Asset Mgmt.,Fuses,41.79403804,-88.146348
415,FS-415,RMT004,150,833932800000,480,50,8000,380,Utility,Distribution,Underground,Electric,Electric,Field Service,Asset Mgmt.,Fuses,41.80157609,-88.14184753
416,FS-416,RMT004,150,833932800000,480,50,8000,380,Utility,Distribution,Underground,Electric,Electric,Field Service,Asset Mgmt.,Fuses,41.80150042,-88.14182766
417,FS-417,RMT004,150,833932800000,480,50,8000,380,Utility,Distribution,Underground,Electric,Electric,Field Service,Asset Mgmt.,Fuses,41.80154257,-88.14175883
418,FS-418,RMT004,150,833932800000,480,50,8000,380,Utility,Distribution,Underground,Electric,Electric,Field Service,Asset Mgmt.,Fuses,41.79823198,-88.14255766
419,FS-419,RMT004,150,833932800000,480,50,8000,380,Utility,Distribution,Underground,Electric,Electric,Field Service,Asset Mgmt.,Fuses,41.79816331,-88.14250955
420,FS-420,RMT004,150,833932800000,480,50,8000,380,Utility,Distribution,Underground,Electric,Electric,Field Service,Asset Mgmt.,Fuses,41.798166,-88.14259453
421,FS-421,RMT004,150,833932800000,480,50,8000,380,Utility,Distribution,Underground,Electric,Electric,Field Service,Asset Mgmt.,Fuses,41.79673467,-88.14362301
422,FS-422,RMT004,150,833932800000,480,50,8000,380,Utility,Distribution,Underground,Electric,Electric,Field Service,Asset Mgmt.,Fuses,41.79663374,-88.1437282
423,FS-423,RMT004,150,833932800000,480,50,8000,380,Utility,Distribution,Underground,Electric,Electric,Field Service,Asset Mgmt.,Fuses,41.79661817,-88.14363906
424,FS-424,RMT004,150,833932800000,480,50,8000,380,Utility,Distribution,Underground,Electric,Electric,Field Service,Asset Mgmt.,Fuses,41.79755718,-88.13908699
425,FS-425,RMT004,150,833932800000,480,50,8000,380,Utility,Distribution,Underground,Electric,Electric,Field Service,Asset Mgmt.,Fuses,41.79758795,-88.13907432
426,FS-426,RMT004,150,833932800000,480,50,8000,380,Utility,Distribution,Underground,Electric,Electric,Field Service,Asset Mgmt.,Fuses,41.7975132,-88.13900815
427,FS-427,RMT004,150,833932800000,480,50,8000,380,Utility,Distribution,Underground,Electric,Electric,Field Service,Asset Mgmt.,Fuses,41.79729144,-88.13699642
428,FS-428,RMT004,150,833932800000,480,50,8000,380,Utility,Distribution,Underground,Electric,Electric,Field Service,Asset Mgmt.,Fuses,41.79730699,-88.13693506
429,FS-429,RMT004,150,833932800000,480,50,8000,380,Utility,Distribution,Underground,Electric,Electric,Field Service,Asset Mgmt.,Fuses,41.79823364,-88.13420571
430,FS-430,RMT004,150,833932800000,480,50,8000,380,Utility,Distribution,Underground,Electric,Electric,Field Service,Asset Mgmt.,Fuses,41.79819952,-88.13414756
431,FS-431,RMT004,150,833932800000,480,50,8000,380,Utility,Distribution,Underground,Electric,Electric,Field Service,Asset Mgmt.,Fuses,41.79811833,-88.13414874
432,FS-432,RMT003,150,833932800000,480,50,8000,380,Utility,Distribution,Underground,Electric,Electric,Field Service,Asset Mgmt.,Fuses,41.80103089,-88.16215441
433,FS-433,RMT003,150,833932800000,480,50,8000,380,Utility,Distribution,Underground,Electric,Electric,Field Service,Asset Mgmt.,Fuses,41.80153307,-88.16372254
434,FS-434,RMT003,150,833932800000,480,50,8000,380,Utility,Distribution,Underground,Electric,Electric,Field Service,Asset Mgmt.,Fuses,41.80145483,-88.16373499
435,FS-435,RMT003,150,833932800000,480,200,8000,380,Utility,Distribution,Underground,Electric,Electric,Field Service,Asset Mgmt.,Fuses,41.80375526,-88.16527016
436,FS-436,RMT003,150,833932800000,480,200,8000,380,Utility,Distribution,Underground,Electric,Electric,Field Service,Asset Mgmt.,Fuses,41.80375563,-88.1652042
437,FS-437,RMT003,150,833932800000,480,200,8000,380,Utility,Distribution,Underground,Electric,Electric,Field Service,Asset Mgmt.,Fuses,41.80140165,-88.17209422
438,FS-438,RMT003,150,833932800000,480,200,8000,380,Utility,Distribution,Underground,Electric,Electric,Field Service,Asset Mgmt.,Fuses,41.80143001,-88.17216791
439,FS-439,RMT003,150,833932800000,480,200,8000,380,Utility,Distribution,Underground,Electric,Electric,Field Service,Asset Mgmt.,Fuses,41.80060016,-88.17351875
440,FS-440,RMT003,150,833932800000,480,200,8000,380,Utility,Distribution,Underground,Electric,Electric,Field Service,Asset Mgmt.,Fuses,41.80055796,-88.17354541
441,FS-441,RMT004,150,833932800000,480,200,8000,380,Utility,Distribution,Underground,Electric,Electric,Field Service,Asset Mgmt.,Fuses,41.79373959,-88.14644034
442,FS-442,RMT004,150,833932800000,480,200,8000,380,Utility,Distribution,Underground,Electric,Electric,Field Service,Asset Mgmt.,Fuses,41.79369539,-88.14641057
443,FS-443,RMT004,150,833932800000,480,200,8000,380,Utility,Distribution,Underground,Electric,Electric,Field Service,Asset Mgmt.,Fuses,41.79412446,-88.14767259
444,FS-444,RMT004,150,833932800000,480,200,8000,380,Utility,Distribution,Underground,Electric,Electric,Field Service,Asset Mgmt.,Fuses,41.79402893,-88.14771401
445,FS-445,RMT004,150,833932800000,480,200,8000,380,Utility,Distribution,Underground,Electric,Electric,Field Service,Asset Mgmt.,Fuses,41.78094333,-88.14603096
446,FS-446,RMT004,150,833932800000,480,200,8000,380,Utility,Distribution,Underground,Electric,Electric,Field Service,Asset Mgmt.,Fuses,41.78094237,-88.14593417
447,FS-447,RMT002,150,833932800000,480,200,8000,380,Utility,Distribution,Underground,Electric,Electric,Field Service,Asset Mgmt.,Fuses,41.77045238,-88.1812528
448,FS-448,RMT003,150,1107302400000,480,200,8000,380,Utility,Distribution,Underground,Electric,Electric,Field Service,Asset Mgmt.,Fuses,41.79417772,-88.1696361
449,FS-449,RMT003,150,1107302400000,480,200,8000,380,Utility,Distribution,Underground,Electric,Electric,Field Service,Asset Mgmt.,Fuses,41.79417972,-88.16952857
450,FS-450,RMT002,150,957398400000,480,200,8000,380,Utility,Distribution,Underground,Electric,Electric,Field Service,Asset Mgmt.,Fuses,41.78249112,-88.17262978
451,FS-451,RMT002,150,957398400000,480,200,8000,380,Utility,Distribution,Underground,Electric,Electric,Field Service,Asset Mgmt.,Fuses,41.78209507,-88.17193946
452,FS-452,RMT002,150,957398400000,480,200,8000,380,Utility,Distribution,Underground,Electric,Electric,Field Service,Asset Mgmt.,Fuses,41.7810318,-88.1756306
453,FS-453,RMT002,150,957398400000,480,200,8000,380,Utility,Distribution,Underground,Electric,Electric,Field Service,Asset Mgmt.,Fuses,41.78098309,-88.17558799
454,FS-454,RMT002,150,957398400000,480,200,8000,380,Utility,Distribution,Underground,Electric,Electric,Field Service,Asset Mgmt.,Fuses,41.78103451,-88.17555341
455,FS-455,RMT002,150,957398400000,480,200,8000,380,Utility,Distribution,Underground,Electric,Electric,Field Service,Asset Mgmt.,Fuses,41.78167478,-88.17549196
456,FS-456,RMT003,380,1430784000000,480,200,8000,210,Utility,Distribution,Underground,Electric,Electric,Field Service,Asset Mgmt.,Fuses,41.79780342,-88.13068948
457,FS-457,RMT003,380,1430784000000,480,200,8000,210,Utility,Distribution,Underground,Electric,Electric,Field Service,Asset Mgmt.,Fuses,41.79780348,-88.13073788
458,FS-458,RMT003,380,1430784000000,480,200,8000,210,Utility,Distribution,Underground,Electric,Electric,Field Service,Asset Mgmt.,Fuses,41.79784299,-88.13063622
